,index,0
0,北京大学,126
1,清华大学,122
2,高等教育出版社,69
3,西安交通大学,63
4,南京大学,52
5,北京师范大学,48
6,东南大学,42
7,武汉大学,41
8,南开大学,39
9,复旦大学,36
10,浙江大学,35
11,大连理工大学,34
12,教育部高等教育司,31
13,中国人民大学,30
14,上海交通大学,29
15,山东大学,29
16,北京航空航天大学,28
17,天津大学,26
18,中国科学院,24
19,教育部,22
20,湖南大学,21
21,西北工业大学,21
22,北京理工大学,21
23,国家教委高教司,21
24,哈尔滨工业大学,20
25,中山大学,19
26,四川大学,19
27,同济大学,19
28,西北大学,19
29,厦门大学,19
30,华中农业大学,18
31,武汉大学文学院,17
32,华中科技大学,16
33,吉林大学,16
34,中央财经大学,15
35,中国人民大学教务处,15
36,中南大学,14
37,华东师范大学,14
38,东北师范大学,14
39,西安交通大学计算机教学实验中心,13
40,厦门大学教育研究院,13
41,山东工业大学,13
42,中国科学技术大学,12
43,湖南文理学院,12
44,北京科技大学,12
45,中国高等教育学会,12
46,北京师范大学文学院,12
47,湖南师范大学,12
48,北京大学中文系,12
49,华南理工大学,12
50,华中农业大学教务处,11
51,北京大学哲学系,11
52,吉林大学法学院,11
53,南京师范大学,11
54,浙江大学本科生院,11
55,中国工程院,11
56,北京联合大学,10
57,兰州大学,10
58,西南交通大学,10
59,浙江万里学院,10
60,南京审计学院,10
61,南京大学教育研究院,10
62,安徽师范大学文学院,10
63,东南大学物理系,10
64,南京农业大学,9
65,苏州大学,9
66,武汉大学教务部,9
67,华中师范大学,9
68,西北大学地质学系,9
69,中南工业大学,9
70,南京大学地理与海洋科学学院,9
71,南京农业大学教务处,9
72,华中师范大学教务处,9
73,北方交通大学,9
74,北京化工大学,9
75,华南师范大学,9
76,西安电子科技大学,9
77,西南财经大学,9
78,华南师范大学教务处,9
79,北京外国语大学法学院,9
80,浙江树人大学教务处,8
81,中山大学生命科学学院,8
82,沈阳化工大学,8
83,北京工业大学计算机学院,8
84,南京工程学院,8
85,北京工业大学教务处,8
86,内蒙古大学教务处,8
87,南京理工大学教务处,8
88,华中理工大学,8
89,本刊记者,8
90,武汉理工大学,8
91,福州大学,8
92,东北工学院,8
93,合肥学院,8
94,广州大学教务处,8
95,广西大学,8
96,中国农业大学,7
97,南京工业学校,7
98,南京大学教务处,7
99,上海大学,7
100,国防科技大学,7
101,太原理工大学,7
102,华南理工大学教务处,7
103,浙江大学教务处,7
104,浙江金融职业学院党委,7
105,燕山大学外国语学院,7
106,东北大学,7
107,陕西师范大学,7
108,德州学院,7
109,中国政法大学,7
110,湖南大学教务处,7
111,深圳大学,7
112,汕头大学,7
113,浙江师范大学,7
114,宁波大学教务处,7
115,南京理工大学,7
116,北京师范大学现代教育技术研究所,7
117,北京大学教务部,7
118,北京航空学院,7
119,山西大学,7
120,广西师范学院教务处,7
121,北京大学艺术学院,6
122,中国人民大学外国语学院,6
123,复旦大学教务处,6
124,北京工业大学建筑工程学院,6
125,安徽大学,6
126,北京师范大学教务处,6
127,扬州大学教务处,6
128,南京大学外国语学院,6
129,暨南大学,6
130,太原理工大学教务处,6
131,中国药科大学,6
132,全国高等学校教学研究中心,6
133,中国矿业大学,6
134,华东化工学院,6
135,清华大学教育研究院,6
136,西安交通大学教务处,6
137,南京大学教育科学与管理系,6
138,国家教委高等教育司,6
139,大连工学院,6
140,湖南工程学院,6
141,长春工业大学,6
142,复旦大学外文学院,6
143,武汉大学哲学学院,6
144,广西师范学院,6
145,吉林大学生命科学学院,6
146,北京交通大学教务处,6
147,首都师范大学,6
148,陕西师范大学教务处,6
149,哈尔滨工业大学计算机科学与技术学院,6
150,北京师范大学地理学与遥感科学学院,6
151,南开大学文学院,6
152,温州大学教务处,6
153,西北大学经济管理学院,6
154,宁波大学,6
155,重庆大学教务处,5
156,河北师范大学,5
157,北京航空航天大学高等教育研究所,5
158,北京工业大学教师教学发展中心工作委员会,5
159,湘潭大学,5
160,华中农业大学理学院,5
161,北京化工大学经济管理学院,5
162,山东师范大学,5
163,北京师范大学化学学院,5
164,南京大学化学化工学院,5
165,同济大学理学部物理系,5
166,华东冶金学院,5
167,北京大学化学与分子工程学院,5
168,武汉大学本科生院,5
169,华东理工大学,5
170,清华大学工程力学系,5
171,北京师范大学法学院,5
172,重庆大学,5
173,哈尔滨学院,5
174,青岛海洋大学,5
175,北京大学教育学院,5
176,北京邮电大学,5
177,河海大学,5
178,北京化工大学教务处,5
179,扬州大学,5
180,北京师范大学生命科学学院,5
181,同济大学物理科学与工程学院,5
182,西安交通大学理学院,5
183,湖南大学教育科学研究院,5
184,北京交通大学计算机与信息技术学院,5
185,烟台大学,5
186,河北大学,5
187,中央财经大学教务处,5
188,电子科技大学应用数学学院,5
189,长沙学院高等教育研究所,5
190,北京大学信息科学技术学院,5
191,清华大学教务处,5
192,西北大学公共管理学院,5
193,郑州工学院,5
194,江苏科技大学,5
195,全国高等学校教学研究会,5
196,兰州大学教育学院,5
197,郑州大学,5
198,华南工学院,5
199,华中师范大学历史文化学院,5
200,华中科技大学教务处,5
201,浙江大学,4
202,黔南民族师范学院中文系,4
203,天津大学教务处,4
204,温州大学外国语学院,4
205,江汉大学,4
206,华北电力大学教务处,4
207,鞍山钢铁学院,4
208,对外经济贸易大学,4
209,华中师范大学化学学院,4
210,同济大学物理系,4
211,广西师范大学文学院,4
212,教育部高教司,4
213,徐州师范大学,4
214,吉林工学院,4
215,南京工学院,4
216,吉林工程技术师范学院,4
217,南京师范大学地理科学学院,4
218,中国纺织大学,4
219,黑龙江工程学院,4
220,桂林电子科技大学,4
221,安徽师范大学,4
222,首都师范大学文学院,4
223,湖南大学马克思主义学院,4
224,大连理工大学教务处,4
225,中国海洋大学,4
226,北京理工大学教务处,4
227,西南师范大学,4
228,内蒙古大学,4
229,西北大学化学与材料科学学院,4
230,云南大学,4
231,武汉大学政治与公共管理学院,4
232,中国人民大学哲学院,4
233,华东师范大学资源与环境科学学院,4
234,浙江丽水学院人文学院,4
235,嘉兴学院教务处,4
236,成都科技大学,4
237,中国农业大学生物学院,4
238,中国人民大学法学院,4
239,吉林工业大学,4
240,南京工业大学,4
241,哈尔滨工业大学计算机科学与技术学院国家级实验教学示范中心,4
242,北京师范大学,4
243,北京大学慕课工作组,4
244,华中师范大学文学院,4
245,温州师范学院,4
246,清华大学,4
247,浙江树人大学,4
248,高等教育出版社机械编辑室,4
249,清华大学化学系,4
250,上海对外贸易学院,4
251,四川大学教务处,4
252,北京化工大学理学院,4
253,无锡职业技术学院,4
254,清华大学精密仪器与机械学系,4
255,南京财经大学,4
256,国家教育委员会,4
257,中国计量学院经济与管理学院,4
258,北京钢铁学院,4
259,中国科技大学,4
260,南京师范大学外国语学院,4
261,中国石油大学(华东),4
262,辽宁大学,4
263,北京农业大学,4
264,湘潭师范学院,4
265,国防科技大学计算机学院,4
266,黑龙江大学,4
267,蚌埠坦克学院,4
268,北京交通大学,4
269,厦门大学化学系,4
270,河南大学,4
271,北京师范大学教育学部,4
272,军械工程学院,4
273,南开大学化学学院,4
274,山东大学威海分校中文系,4
275,西北师范大学,4
276,广东商学院,4
277,承德石油高等专科学校,4
278,四川大学文学与新闻学院,4
279,中国石油大学(华东)教务处,4
280,东南大学外国语学院,4
281,浙江大学生命科学学院,4
282,温州职业技术学院,4
283,北京师范大学物理学系,4
284,国家教委,4
285,中国人民大学新闻学院,3
286,北京师范大学物理系,3
287,华北电力学院,3
288,吉林工程技术师范学院文化传媒学院,3
289,湖北经济学院,3
290,上海财经大学,3
291,北京外国语大学,3
292,成都气象学院,3
293,南京化工动力专科学校,3
294,厦门大学现代教育技术与实践训练中心,3
295,江苏化工学院,3
296,哈尔滨工业大学教务处,3
297,中国地质大学(武汉),3
298,东北财经大学,3
299,邵阳学院评建办,3
300,上海师范大学,3
301,内江师专,3
302,浙江师范大学外国语学院,3
303,陕西机械学院,3
304,山东矿业学院,3
305,上海大学文学院,3
306,浙江金融职业学院,3
307,教育部高等教育教学评估中心,3
308,吉林大学教务处,3
309,厦门大学化学化工学院,3
310,国家教育委员会高等教育司,3
311,绍兴文理学院教务处,3
312,复旦大学高等教育研究所,3
313,深圳大学外国语学院,3
314,温州大学,3
315,临沂师范学院,3
316,西北大学教务处,3
317,山东大学教学促进与教师发展中心,3
318,南昌大学,3
319,华中农业大学,3
320,浙江海洋学院教务处,3
321,华北水电学院,3
322,浙江万里学院教育发展研究中心,3
323,浙江工学院,3
324,汕头大学教务处,3
325,华南理工大学应用化学系,3
326,北京交通大学经济管理学院,3
327,哈尔滨工业大学电气工程及自动化学院电气工程系,3
328,南京邮电学院,3
329,西安空军工程学院,3
330,哈佛大学,3
331,福建龙岩学院,3
332,四川机械工业学校,3
333,武汉大学经济与管理学院,3
334,中央财经大学商学院,3
335,江西财经大学法学院,3
336,西北工业大学机电学院,3
337,河北工业大学教务处,3
338,浙江大学光华法学院,3
339,绍兴文理学院,3
340,漳州师范学院外语系,3
341,山东农业大学,3
342,华中科技大学教育科学研究院,3
343,金陵科技学院,3
344,南京大学高等教育研究所,3
345,陕西工业职业技术学院,3
346,南京工业职业技术学院,3
347,复旦大学上海医学院,3
348,南京师范大学教务处,3
349,山西农业大学文理学院,3
350,山西大学教务处,3
351,北京航空航天大学教务处,3
352,安庆师范学院教务处,3
353,南京铁道职业技术学院,3
354,江汉石油学院,3
355,国防科学技术大学,3
356,华南农业大学,3
357,福州大学教务处,3
358,吉林大学环境与资源学院,3
359,南京建筑工程学院,3
360,北京大学现代教育技术中心,3
361,清华大学工程力学系材料力学教研室,3
362,华中师范大学数学与统计学学院,3
363,西北大学研究生院,3
364,华侨大学,3
365,上海财经大学公共经济与管理学院,3
366,丽水学院,3
367,西安交通大学党委,3
368,河北金融学院,3
369,北京第二外国语学院,3
370,南京航空学院,3
371,华中师范大学生命科学学院,3
372,杭州大学,3
373,武汉大学生命科学学院,3
374,武汉化工学院,3
375,北京外国语大学专门用途英语学院,3
376,大连理工大学化学学院,3
377,温州大学瓯江学院,3
378,阜阳师范学院,3
379,清华大学教材委员会,3
380,北京工业大学高等教育研究所,3
381,南京航空航天大学,3
382,丽水学院教务处,3
383,湛江师范学院,3
384,西安交通大学国家级教师教学发展示范中心,3
385,淮北煤炭师范学院教务处,3
386,北京化工大学信息科学与技术学院计算机系,3
387,电子科技大学数学科学学院,3
388,马鞍山钢铁学院,3
389,清华大学外语系,3
390,中国矿业大学(北京),3
391,广州大学,3
392,浙江大学计算机科学与技术学院,3
393,高等教育出版社教育技术编辑室,3
394,常州工学院,3
395,南京财经大学国际经贸学院,3
396,中国人民大学经济学院,3
397,电子科技大学计算机科学与工程学院,3
398,西北农林科技大学,3
399,南通职业大学,3
400,东南大学中文系,3
401,西安交通大学机械学系,3
402,南京理工大学设计艺术与传媒学院,3
403,成都理工大学,3
404,东南大学外语系,3
405,南昌航空工业学院,3
406,湖南大学文学院,3
407,吉林艺术学院,3
408,中国船舶工业总公司教材编审室,3
409,四川师范学院,3
410,同济大学计算机科学与技术系,3
411,湖南大学机械与运载工程学院,3
412,盐城工学院,3
413,浙江大学化学系,3
414,北京理工大学自动化学院,3
415,华中农业大学生命科学技术学院,3
416,浙江工业大学人文学院,3
417,福建工程学院教务处,3
418,华北电力大学,3
419,河南大学教务处,3
420,上海杉达学院,3
421,四川省机械工业学校,3
422,北京化工大学信息科学与技术学院,3
423,西北工业大学人文与经法学院,3
424,北京大学城市与环境学院地理科学研究中心,3
425,中南矿冶学院,3
426,西北大学信息科学与技术学院,3
427,清华大学法学院,3
428,安徽大学管理学院,3
429,清华大学计算机系,3
430,东南大学教务处,3
431,北京工商大学法学院,3
432,内蒙古大学数学系,3
433,山东大学经济学院,3
434,成都理工大学工程技术学院,3
435,北京市教育委员会,3
436,北京师范大学国际与比较教育研究所,3
437,北京师范学院,3
438,南开大学环境科学与工程学院,3
439,北京工业大学,3
440,教育部!副部长,3
441,南京气象学院,3
442,西安建筑科技大学,3
443,南京大学公共管理学院教育科学与管理系,3
444,哈尔滨工业大学化工学院,3
445,四川工业学院,3
446,北京林业大学,3
447,湖南理工学院,3
448,电子科技大学,3
449,吉首大学,3
450,同济大学外国语学院,3
451,北京工业大学机电学院,3
452,北京交通大学电子信息工程学院,3
453,北京大学地球与空间科学学院,3
454,中国海洋大学,3
455,海南师范学院,3
456,清华大学材料力学教研室,3
457,西北工业大学教务处,3
458,广州大学土木工程学院,2
459,南京农业大学公共管理学院,2
460,延安大学外国语学院,2
461,山西农业大学教务处,2
462,清华大学化工系,2
463,成都大学,2
464,内蒙古大学数学科学学院,2
465,华中理工大学外语系,2
466,复旦大学中文系,2
467,燕山大学机械工程学院,2
468,上海大学音乐学院,2
469,江西师范大学教师教育处,2
470,景德镇教育学院,2
471,中国政法大学党委,2
472,武汉大学法学院,2
473,江西师范大学,2
474,中南财经政法大学,2
475,南京大学生命科学学院,2
476,广州大学商学院,2
477,南京航空航天大学教务处,2
478,同济大学电子与信息工程学院,2
479,中央财经大学会计学院,2
480,浙江师范大学人文学院,2
481,株洲铁路机械学校,2
482,浙江万里学院电子信息学院,2
483,湛江师范学院教育科学学院,2
484,中国农业大学农学与生物技术学院,2
485,青海师范大学人文学院,2
486,淮阴师范专科学校物理系,2
487,航空航天部教材编审室,2
488,上海交通大学计算机科学与工程系,2
489,厦门大学研究生院,2
490,长沙理工大学教务处,2
491,成都艺术职业学院,2
492,西北师范大学,2
493,哈尔滨工程大学教务处,2
494,哈尔滨工业大学理学院,2
495,杭州师范大学教务处,2
496,佳木斯工学院,2
497,沈阳电力专科学校电子教研室,2
498,浙江财经学院,2
499,东北师范大学软件学院,2
500,华南师范大学教育信息技术中心,2
501,清华大学物理系,2
502,燕山大学教务处教学质量管理科,2
503,杭州师范大学教育科学学院教育系,2
504,大连理工大学软件学院,2
505,哈尔滨工程大学国家大学生文化素质教育基地,2
506,教育部高等教育司理工处,2
507,四川达县师专物理系,2
508,中华女子学院教务处,2
509,山东大学文学与新闻传播学院,2
510,广东财经大学,2
511,湖南科技大学人文学院,2
512,剑桥大学,2
513,长春大学,2
514,浙江大学中文系,2
515,重庆大学教务处素质办,2
516,江苏省教育厅,2
517,武汉大学化学系,2
518,山东大学数学系,2
519,重庆大学艺术学院音乐系,2
520,哈尔滨工业大学电气工程及自动化学院,2
521,赣南师范学院教务处,2
522,厦门大学高等教育发展研究中心,2
523,吉林大学理论法学研究中心,2
524,唐山工程技术学院,2
525,武汉理工大学理学院,2
526,广州城市职业学院高等教育研究所,2
527,华中科技大学计算机学院,2
528,山西大同大学高教研究所,2
529,石家庄铁道学院,2
530,空军勤务学院,2
531,南京大学中文系,2
532,唐山师范学院,2
533,哈尔滨工业大学机电工程学院,2
534,忻州师范学院教务处,2
535,福建师范大学教育科学与技术学院,2
536,长沙学院,2
537,东北农业大学工程学院,2
538,上海交通大学机械与动力工程学院,2
539,怀化学院外语系,2
540,北京理工大学计算机学院,2
541,浙江万里学院数字媒体艺术系,2
542,西南大学,2
543,上海交通大学农业与生物学院,2
544,山东大学政治学与公共管理学院行政管理系,2
545,福建农林大学生命科学学院生物科学系,2
546,上海理工大学,2
547,南京理工大学理学院,2
548,西安石油学院,2
549,第四军医大学,2
550,哈尔滨工业大学管理学院,2
551,武汉科技学院人文社科学院,2
552,北京语言大学,2
553,重庆大学工程力学系,2
554,教育部高等教育司理工科教育处,2
555,北京大学物理学院,2
556,温州大学化学与材料工程学院,2
557,合肥工业大学,2
558,四川大学华西公共卫生学院,2
559,华南师范大学文学院,2
560,北京航空航天大学能源与动力工程学院,2
561,中国传媒大学新闻传播学部,2
562,华中农业大学教务处教研科,2
563,广西师范学院党委,2
564,北京理工大学管理与经济学院,2
565,陕西师范大学文学院,2
566,南京农业大学生命科学学院,2
567,华南师范大学教育科学学院,2
568,安庆师范学院,2
569,沈阳冶金机械专科学校,2
570,华北航天工业学院,2
571,南京医科大学,2
572,浙江科技学院外国语学院,2
573,烟台大学法学院,2
574,温州大学计算机科学与工程学院,2
575,中国纺织大学机械原理与机械设计教研室,2
576,南京大学文学院,2
577,教育部师范教育司,2
578,湖南科技大学外国语学院,2
579,九江学院政法学院,2
580,北京医科大学,2
581,南京大学,2
582,晋中学院,2
583,南京师范大学教育科学学院,2
584,南京林业大学外国语学院,2
585,河南师范大学,2
586,株洲铁路电机学校,2
587,青岛科技大学,2
588,高等教育出版社政史室,2
589,西北大学化学系,2
590,汕头大学医学院,2
591,陕西理工大学文学院,2
592,厦门大学经济学院,2
593,宁波大学法学院,2
594,江西财经大学统计学院,2
595,西安交通大学数学与统计学院,2
596,四川绵阳师专,2
597,湖南大学岳麓书院,2
598,长春工程学院,2
599,上海大学土木工程系,2
600,中国人民大学商学院,2
601,福建师大,2
602,天津职业大学,2
603,西北工业大学理学院应用物理系,2
604,北京师范大学教育学部高等教育研究所,2
605,晋中师范高等专科学校中文系,2
606,北京理工大学实验室与设备管理处,2
607,浙江万里学院商学院,2
608,华南理工大学,2
609,南京理工大学工程训练中心,2
610,长沙交通学院,2
611,河北大学管理学院,2
612,济南工程职业技术学院教务处,2
613,滨州学院,2
614,北京大学物理系,2
615,河南理工大学机械与动力工程学院,2
616,河北农业大学,2
617,清华大学外国教材中心,2
618,南京大学软件学院,2
619,北京师范大学艺术与传媒学院,2
620,西北工业大学电子信息学院,2
621,黑龙江农业工程职业学院,2
622,烟台师范学院,2
623,[美],2
624,厦门大学中文系,2
625,北京工业大学经济与管理学院,2
626,湖南省煤炭工业学校,2
627,福建师范大学,2
628,成都学院教务处,2
629,复旦大学外国语言文学学院,2
630,北京大学法学院,2
631,浙江大学生物学实验教学中心,2
632,镇江师范专科学校,2
633,上海交通大学生命科学技术学院,2
634,清华大学软件学院,2
635,西安科技大学,2
636,温州职业技术学院外事办,2
637,太原工业大学,2
638,福建广播电视大学,2
639,合肥工业大学党委,2
640,南京艺术学院,2
641,中国地质大学(北京)地球科学与资源学院,2
642,中国人民大学!校长,2
643,山东大学化学与化工学院,2
644,四川师范大学,2
645,北京信息工程学院,2
646,中南大学信息科学与工程学院,2
647,福建三明师专,2
648,江苏师范大学,2
649,南京审计学院,2
650,南京工程学院,2
651,武汉钢铁学院,2
652,四川大学轻纺与食品学院,2
653,内蒙古师范大学文学院,2
654,浙江万里学院生物与环境学院,2
655,湖南省纺织工业学校,2
656,湖南邵阳师专,2
657,重庆邮电学院,2
658,长沙大学,2
659,山东大学管理学院市场营销研究所,2
660,贵州理工学院,2
661,华东石油大学,2
662,北京科技大学,2
663,北京大学教务长办公室,2
664,济南大学管理学院,2
665,清华大学电机系,2
666,复旦大学管理学院,2
667,广州大学人文学院,2
668,杭州师范大学,2
669,上海交通大学外国语学院,2
670,南开大学数学科学学院,2
671,浙江省教育厅,2
672,吉林职业师范学院,2
673,华东石油学院,2
674,复旦大学经济学院,2
675,中南大学文学院,2
676,山东滨州师专,2
677,上海应用技术学院教务处,2
678,北京交通大学学校办公室,2
679,上海大学中国古代文学与文化研究中心,2
680,武汉大学水利水电学院,2
681,北京师范大学汉语文化学院,2
682,华中农业大学教务处,2
683,商丘师专,2
684,中国海洋大学高教研究与评估中心,2
685,中山大学,2
686,河南大学民生学院,2
687,中南大学化学化工学院,2
688,上饶师范专科学校,2
689,长沙理工大学文学院,2
690,山东大学文学院,2
691,闽南师范大学,2
692,中央音乐学院,2
693,东南大学教师教学发展中心,2
694,北京航空航天大学计算机学院,2
695,重庆大学机械工程学院,2
696,湖南文理学院教务处,2
697,中国人民大学信息学院,2
698,暨南大学文学院中文系,2
699,浙江工业大学,2
700,北京大学数学系,2
701,汕头大学高等教育研究所,2
702,高等教育出版社文科部,2
703,湖南工程学院党政办,2
704,中央财经大学党委,2
705,南京师范大学文学院,2
706,清华大学人文学院,2
707,兰州理工大学文学院(国际教育学院),2
708,淮北师范大学教务处,2
709,武汉理工大学高等教育研究所,2
710,燕山大学,2
711,武汉水运工程学院,2
712,沈阳航空工业学院,2
713,兰州大学资源环境学院,2
714,澳门理工学院,2
715,南京气象学院大气物理系,2
716,南开大学物理系,2
717,西南科技大学教务处,2
718,四川师范大学外国语学院,2
719,浙江师范大学党委,2
720,宁波大学,2
721,南通大学,2
722,香港中文大学,2
723,大连海运学院,2
724,哈尔滨工业大学人文学院,2
725,上海应用技术学院,2
726,北京广播学院,2
727,山东工业大学教务处,2
728,长春师范学院物理系,2
729,西安邮电大学通信与信息工程学院,2
730,南京大学物理系,2
731,北京交通大学语言与传播学院,2
732,南京理工大学工程训练中心办公室,2
733,辽宁大学经济学院,2
734,西北大学外语系,2
735,北京农业大学教务处,2
736,华中科技大学教科院,2
737,南开大学,2
738,延安大学,2
739,河北大学教务处,2
740,孝感学院教务处,2
741,郑州航空工业管理学院,2
742,华南理工大学数学学院,2
743,石油大学,2
744,浙江工商大学党委,2
745,北京外国语大学德语系,2
746,国防科学技术大学理学院数学与系统科学系,2
747,北京经济学院,2
748,鞍山钢铁学院理论力学教研室,2
749,哈尔滨工业大学,2
750,西南财经大学教务处,2
751,广州大学高等教育研究所,2
752,北京化工大学,2
753,深圳大学教务处,2
754,杭州电子工业学院,2
755,上海冶金专科学校,2
756,教育部!部长,2
757,北京师范大学经济与工商管理学院,2
758,济南大学化学化工学院,2
759,高等教育出版社化学编辑室,2
760,福建工程学院党委,2
761,大连理工大学化工学院,2
762,中央财经大学金融学院,2
763,山东大学计算机科学与技术学院,2
764,山西财经大学,2
765,北京联合大学教务处,2
766,广东商学院法学院,2
767,天津工业大学教务处,2
768,江苏省教委高教处,2
769,邵阳学院,2
770,上海工程技术大学教务处,2
771,四川农业大学教务处,2
772,西北工业大学出版社,2
773,北京工业大学实验学院,2
774,长沙学院教务处,2
775,邢台职业技术学院,2
776,哈尔滨船舶工程学院,2
777,南开大学外国语学院,2
778,金陵科技学院党委,2
779,武汉大学化学与分子科学学院,2
780,中南大学本科生院,2
781,西北大学新闻传播学院,2
782,东南大学电气工程系,2
783,南京农业专科学校,2
784,南京医科大学教务处,2
785,哈尔滨师专,2
786,合肥工业大学电气与自动化工程学院,2
787,华东交通大学,2
788,浙江科技学院,2
789,黑龙江大学教育科学研究院,2
790,南京财经大学经济学院,2
791,电子科技大学教务处,2
792,北京大学中国语言学研究中心,2
793,天津大学管理与经济学部工程管理系,2
794,北京师范大学教育技术学院,2
795,宁波工程学院,2
796,华中师大,2
797,黑龙江大学艺术学院,2
798,西北政法大学研究生教育院,2
799,西南财经大学教学训练与评估中心,2
800,武汉大学国际法研究所,2
801,南开大学外国语学院英语系,2
802,中国传媒大学教务处,2
803,北京科技大学机械工程学院,2
804,嘉兴学院机电工程学院,2
805,人民教育出版社,2
806,重庆大学外国语学院,2
807,大连大学教务处,2
808,南开大学生物实验教学中心,2
809,合肥学院教务处,2
810,武钢职大,2
811,徐州师范大学数学科学学院,2
812,南京农业大学植物学系,2
813,中国政法大学商学院,2
814,厦门大学化学系物理化学教研室,2
815,北京邮电大学信息与通信工程学院,2
816,西安交通大学管理学院,2
817,中国计量学院法学院,2
818,山西大学哲学社会学学院,2
819,北京理工大学应用数学系,2
820,教育部高教司财经政法处,2
821,上海纺织高等专科学校,2
822,中国地质大学(武汉)地球科学学院,2
823,西南石油大学,2
824,常熟理工学院,2
825,北京师范大学外文学院,2
826,大连理工大学有机化学教研室,2
827,高等教育出版社政史编辑室,2
828,南通师范学院,2
829,四川联合大学,2
830,哈尔滨学院中文系,2
831,武汉大学数学与统计学院,2
832,石油大学(华东),2
833,长沙铁道学院,2
834,南开大学商学院人力资源管理系,2
835,山东大学(威海)翻译学院,2
836,哈尔滨工程大学,2
837,清华大学数学科学系,2
838,西南大学外国语学院,2
839,高等教育出版社力学室,2
840,江西师范大学文学院,2
841,北京化工学院应用化学系,2
842,沈阳电力专科学校,2
843,大连理工大学高等教育研究院,2
844,香港科技大学,2
845,桂林医学院,2
846,西南大学地理科学学院地理信息系统与工程系,2
847,华中工学院,2
848,鹭江大学,2
849,西安邮电学院,2
850,西南财经大学经济学院,2
851,西南政法大学,2
852,北京联合大学高职处,2
853,辽宁大学历史学院,2
854,上海第二工业大学,2
855,清华大学基础工业训练中心,2
856,辽宁工业大学计算中心,2
857,山东大学计算机科学与技术学院基础教学部,2
858,吉林大学马克思主义学院,2
859,吉林大学化学系,2
860,华中科技大学外国语学院,2
861,北京航空航天大学理学院,2
862,同济大学数学系,2
863,黄山学院,2
864,教育部高等教育司!司长,2
865,吉林大学国家级生物实验教学示范中心,2
866,怀化师专,2
867,哈尔滨建筑工程学院,2
868,中国药科大学教务处,2
869,北京师范大学教育学院,2
870,西北政法大学,2
871,抚顺煤炭工业学校,2
872,天津师范大学,2
873,西华大学数学与计算机学院,2
874,东南大学发展规划处(高等教育研究所),2
875,上海工程技术大学,2
876,阜阳师范学院教务处,2
877,重庆大学,2
878,复旦大学教务处教学研究办公室,2
879,南京理工大学,2
880,暨南大学中文系,2
881,湖南城市建设专科学校,2
882,中南大学软件学院,2
883,南京农业大学,2
884,淮阴师范学院,2
885,广州大学数学与信息科学学院,2
886,浙江大学外语学院,2
887,西北大学文学院,2
888,中国人民大学商学院会计系,2
889,吉林大学公共外语教育学院,2
890,南京大学商学院,2
891,绍兴文理学院工学院,2
892,东南大学人文学院,2
893,武汉大学艺术学系,2
894,东莞理工学院教务处,2
895,温州大学教师教学发展中心,2
896,南京建工学院,2
897,东南大学学习科学研究中心,2
898,山西师范大学,2
899,东北电力学院外语部,2
900,华东理工大学机械与动力工程学院,2
901,长安大学建工学院,2
902,美,2
903,广西大学文学院,2
904,清华大学汽车工程系,2
905,山东大学本科生院,2
906,北京师范大学党委,2
907,上海海运学院,2
908,财政部教育司,2
909,教育部高等学校大学计算机课程教学指导委员会,2
910,渤海大学文学院,2
911,陕西汉中师院,2
912,太原理工大学计算机科学与技术学院,2
913,石家庄军械工程学院,2
914,河南理工大学,2
915,江苏盐城教育学院,2
916,北京大学哲学系/外国哲学研究所,2
917,安徽工业大学教务处教务科,1
918,湘潭师范学院物理系,1
919,大连大学人文学部历史学院,1
920,西北大学经济管理学院西方经济学教研室,1
921,南京大学地球科学与工程学院,1
922,浙江海洋学院发展规划处,1
923,中国科学技术大学理学院,1
924,华中农业大学外国语学院,1
925,南开大学国家级生物实验教学示范中心,1
926,吉林市联合大学教务处,1
927,大连理工大学环境与生命学院,1
928,北华航天工业学院计算机科学与工程系,1
929,湖南大众传媒职业技术学院,1
930,暨南大学文学院,1
931,南平师范高等专科学校,1
932,华中农业大学经济管理学院、土地管理学院,1
933,锦州师范专科学校,1
934,东北水电专科学校电子教研室,1
935,江西景德镇教育学院,1
936,中国矿业大学中文系,1
937,江南大学法学院,1
938,浙江海洋大学,1
939,辽阳石油化工高等专科学校,1
940,中华女子学院党委,1
941,湖南理工学院公共社科理论教学部,1
942,西南师范学院,1
943,北京师范大学哲学学院,1
944,安徽财经大学法学院,1
945,中国人民大学文学院,1
946,上海工程技术大学艺术设计学院,1
947,浙江大学人文学院,1
948,安徽淮北煤炭师范学院大学外语部,1
949,西北工业大学机械系,1
950,浙江工业大学发展规划处,1
951,吉林化工学院高教研究所,1
952,中国农业大学人文与发展学院社会学系,1
953,北京工商大学艺术与传媒学院中文教研部,1
954,澳门科技大学,1
955,电子科技大学通信与信息工程学院,1
956,广西幼儿师范高等专科学校,1
957,沈阳师范大学职业技术学院,1
958,辽宁医学院体育部,1
959,河北教育学院,1
960,哈尔滨学院体育学院,1
961,合肥学院管理系,1
962,西安外国语大学英语教育学院,1
963,北京交通大学国家电工电子实验教学示范中心,1
964,中南财经政法大学武汉学院,1
965,央财经大学,1
966,山东大学(威海)商学院,1
967,大理师专,1
968,中国科学技术大学统计与金融系,1
969,四川音乐学院音乐教育学院,1
970,华南师范大学生物系,1
971,东南大学动力系,1
972,西藏民族学院,1
973,教育部发展规划司,1
974,天津大学国家级化学化工实验教学示范中心,1
975,东北农业大学电气与信息学院,1
976,郑州机械专科学校,1
977,北京第二外国语学院通识教育学院,1
978,兰州大学教务处,1
979,山西医科大学汾阳学院现代教育技术中心,1
980,华中师范大学教学督导组,1
981,中国农业大学信息与电气工程学院计算机系,1
982,清华大学21世纪发展研究院,1
983,西安电子科技大学电子工程系,1
984,西南交通大学物理系,1
985,上海金融学院会计学院,1
986,漳州师范学院物理与电子信息工程系,1
987,高等学校工科数学课程教学指导委员会,1
988,宁波职业技术学院党委,1
989,河海大学常州校区人文社科部,1
990,东南大学物理系大学物理教研室,1
991,常熟理工学院高等教育研究所,1
992,西安工程大学管理学院,1
993,复旦大学微电子学系,1
994,南京理工大学教务处教学质量评估科,1
995,全国高等教育教材建设研究会筹备组,1
996,扬州工学院,1
997,浙江万里学院文化与传播学院,1
998,西南民族学院,1
999,南京师范大学强化培养学院,1
1000,山西矿业学院,1
1001,四川大学生物系,1
1002,浙江机电职业技术学院国际交流系,1
1003,中央财经大学经济与管理实验教学中心,1
1004,吉林大学建设工程学院,1
1005,教育部社政司,1
1006,浙江大学本科生院教学质量与资源处,1
1007,北华大学,1
1008,上海交通大学国际与公共事务学院,1
1009,燕山大学里仁学院,1
1010,安庆师院,1
1011,吉林大学地球探测科学与技术学院地球物理系,1
1012,浙江大学信息科学与工程学院,1
1013,华东交通大学教材科,1
1014,大连医学院,1
1015,上海财经大学经济学院,1
1016,北京交通大学电子与信息工程学院,1
1017,电子科技大学机械电子工程学院机械工程系,1
1018,黑龙江大学发展规划处,1
1019,江西大学教材科,1
1020,澳门科技大学基础部,1
1021,孝感学院院长办公室,1
1022,河南工业大学,1
1023,国际关系学院教务处教学研究与质量科,1
1024,南京大学地理与海洋科学学院党委,1
1025,南京工业大学,1
1026,华南农业大学教务处综合科,1
1027,北京大学艺术学院美术学系,1
1028,沈阳师范大学大学外语教学部,1
1029,重庆工商大学数学与统计学院,1
1030,北京外国语大学国际商学院,1
1031,中国地质大学(武汉)教务处教材科,1
1032,湖南永州职业技术学院,1
1033,重庆三峡学院教务处,1
1034,新疆兵团教育学院,1
1035,广西师范学院外国语学院,1
1036,北京师范大学生命科学学院,1
1037,国防科技大学计算机系,1
1038,甘肃省酒泉工业学校工民建教研室,1
1039,成都理工大学教务处,1
1040,河北北方学院,1
1041,北京物资学院基础部,1
1042,华南师范大学哲学所,1
1043,韩山师范学院文学与新闻传播学院,1
1044,德州学院数学系,1
1045,湖南工程学院,1
1046,浙江海洋学院教务处教务科,1
1047,华东师范大学教育管理系,1
1048,实验教学指导委员会,1
1049,山西师范大学人文地理研究所,1
1050,湖南文理学院外国语学院,1
1051,复旦大学数学科学学院,1
1052,安康师专,1
1053,复旦大学物理教学实验中心,1
1054,高等教育出版社文科出版事业部,1
1055,北京动力经济学院信息工程系,1
1056,黑龙江大学旅游管理系,1
1057,东南大学计算机系,1
1058,复旦大学,1
1059,安徽工程科技学院人文社科系,1
1060,天津大学职业技术教育学院,1
1061,上海财经大学信息管理与工程学院,1
1062,天津化学化工协同创新中心,1
1063,廊坊炮兵导弹学校,1
1064,沈阳工业高等专科学校,1
1065,广西大学教材科,1
1066,西北政法大学哲学与社会发展学院,1
1067,吉首大学外国语学院,1
1068,南京工业大学校办,1
1069,教育部高等学校文化素质教育指导委员会,1
1070,暨南大学心理健康教育中心,1
1071,浙江大学城市学院计算机科学与工程学系,1
1072,华东理工大学文化素质教育中心,1
1073,天津大学管理学院,1
1074,复旦大学微电子学院,1
1075,清华大学外文系,1
1076,吉林化工学院经济管理学院,1
1077,河南师范大学生命科学学院,1
1078,四川省财政学校专业基础教研室,1
1079,哈尔滨工业大学本科生院,1
1080,东北师范大学教育科学学院,1
1081,内蒙古财经学院工商管理学院,1
1082,东北师范大学政法学院行政管理系,1
1083,华南师范大学外国语言文化学院,1
1084,中国计量学院机电工程学院,1
1085,天津大学电气与自动化工程学院电气与自动化实验中心,1
1086,石河子大学文学艺术学院中文系,1
1087,合肥炮兵学院机械系,1
1088,教育部高等学校机械学科教学指导委员会,1
1089,山东大学威海分校,1
1090,内蒙古民族大学文学院,1
1091,井冈山大学发展规划研究室,1
1092,农业部教育司高教处,1
1093,浙江工业大学计算机科学与技术学院,1
1094,浙江工业大学教务处教学研究科,1
1095,首都经济贸易大学法学院,1
1096,华中农业大学高等教育研究所,1
1097,台湾明新科技大学,1
1098,大连理工大学经济系,1
1099,高等教育出版社社长,1
1100,济宁医学院,1
1101,浙江树人大学现代教育技术中心,1
1102,杭州师范大学教育学院,1
1103,东北师范大学哲学研究所,1
1104,浙江师范大学行知学院办公室,1
1105,中南财经政法大学新闻与文化传播学院,1
1106,南京邮电大学理学院,1
1107,高等教育出版社高等理工出版中心计算机分社,1
1108,西南科技大学材料科学与工程学院,1
1109,河北金融学院保险系,1
1110,天津南开大学物理系教研室,1
1111,天津师范专科学校，政治理论部，马列教研室,1
1112,上海石油化工高等专科学校,1
1113,安徽大学历史系,1
1114,西安交通大学高等教育研究所,1
1115,上海交通大学电子信息与电气工程学院计算机科学与工程系,1
1116,全国高等工业学校教学信息统计中心,1
1117,河北科技师范学院教育系,1
1118,航空航天部,1
1119,武汉大学艺术学院,1
1120,中国石油大学胜利学院,1
1121,吉林建筑工程学院,1
1122,南京大学化学化工学院党委,1
1123,天津外国语大学,1
1124,锦州工学院,1
1125,闽南师范大学外语系,1
1126,山西大学商务学院教务处,1
1127,南京航空航天大学教务处,1
1128,武汉水利电力学院,1
1129,信阳师范学院华锐学院,1
1130,西北工业大学人文经法学院,1
1131,抚州师专,1
1132,山东工业大学电子系,1
1133,南京信息工程大学党委校长办公室,1
1134,郑州大学校长办公室,1
1135,东南大学数学系,1
1136,天津市教育委员会高等教育处,1
1137,河南科技大学物理工程学院,1
1138,四川省教育厅高教处,1
1139,湖南大学金融学院货币金融系,1
1140,吉林大学第三临床学院,1
1141,武汉科技大学城市建设学院,1
1142,北京化工大学理学院数学系,1
1143,海军工程学院,1
1144,中国传媒大学对外汉语教育学院,1
1145,国家教育委员会高等教育司文科教育管理处,1
1146,安徽大学法学院,1
1147,浙江大学本科生院教务处选课与考试中心,1
1148,高等教育出版社!社长、本刊编委会副主任、编审,1
1149,扬州大学教务处教学研究科,1
1150,河北金融学院金融系,1
1151,北京中医药大学人文学院英语系,1
1152,中国科学院研究生院,1
1153,镇江市职业大学,1
1154,南京大学工程管理学院控制与系统工程系,1
1155,清华大学研究生院学位办公室,1
1156,湖北工业大学语言文化研究所,1
1157,南京邮电大学教务处,1
1158,武汉水利电力大学,1
1159,长春工业大学质量工程办公室,1
1160,华中科技大学光电系98级二班,1
1161,阿坝师范专科学校,1
1162,东南大学文化素质教育基地,1
1163,湛江师范学院,1
1164,成都无线电机械学校,1
1165,浙江广播电视大学湖州分校,1
1166,汕头大学法学院,1
1167,吉林工程技术师范学院教务处,1
1168,湖南大学大学英语教研室,1
1169,南通纺织职业技术学院,1
1170,北京工业大学环境与能源工程学院,1
1171,华北电力大学经济与管理学院,1
1172,东北财经大学新闻传播学院,1
1173,华南理工大学理论力学教研室,1
1174,清华大学航天航空学院党委,1
1175,华中农业大学生命科学学院,1
1176,实验室建设指导委员会,1
1177,中央美术学院人文学院外语中心,1
1178,南通大学教务处,1
1179,天津师范大学法学院,1
1180,武汉地质学院,1
1181,东南大学,1
1182,南京利马科技有限公司,1
1183,南京大学环境学院,1
1184,清华大学金工教研室,1
1185,中国科学院研究生院党委宣传部,1
1186,中南财经政法大学法学院宪法教研室,1
1187,天津理工大学,1
1188,湖南大学化学化工学院,1
1189,浙江师范大学党委研工部,1
1190,新疆喀什农业机械化学校,1
1191,上海海洋大学海洋文化与法律学院,1
1192,福建省税务学校计算机教研室,1
1193,吉林大学人文学部,1
1194,太原市职工钢铁学院教务处,1
1195,国家环保局,1
1196,北京动力经济学院基础部,1
1197,浙江大学药学院党委,1
1198,中国石油大学(华东)化学工程学院,1
1199,清华大学!校长,1
1200,江汉石油学院教务处副处长,1
1201,浙江大学外国语言文化与国际交流学院,1
1202,北京第二外国语学院教育技术中心,1
1203,清华大学精密仪器与机械学系办公室,1
1204,全国人大,1
1205,西南大学教务处,1
1206,华北电力大学(保定)工程训练中心,1
1207,中国计量大学经济与管理学院,1
1208,教育部南开大学外国教材中心,1
1209,华东政法大学法律学院,1
1210,中南大学湘雅三医院教学办,1
1211,湖南文理学院文史学院,1
1212,国家教委社会科学司,1
1213,南京航空航天大学理学院物理系,1
1214,北京交通大学土木建筑工程学院,1
1215,中南林学院,1
1216,杭州电子学院,1
1217,四川师范学院生物系,1
1218,东北师范大学政法学院,1
1219,高等教育出版社高等理工出版中心,1
1220,华中农业大学经济管理学院,1
1221,江南大学,1
1222,东南大学，长治电大,1
1223,北京理工大学党委宣传部,1
1224,四川师范大学文学院,1
1225,大连民族学院计算机基础教研室,1
1226,浙江嘉兴学院,1
1227,华北科技学院教务处综合科,1
1228,浙江大学城市学院信息与电气工程分院,1
1229,同济大学生物信息学系,1
1230,连云港职业技术学院督导室,1
1231,广东湛江师范学院物理系,1
1232,江苏大学,1
1233,上海医科大学,1
1234,湖南大众传媒职业技术学院评建办,1
1235,高等教育出版社理工出版事业部化学分社,1
1236,南京审计学院对外汉语系,1
1237,北京航空航天大学中法工程师学院,1
1238,杭州师范学院３Ｔ课题组,1
1239,上海师范大学教育学院,1
1240,长沙水利电力师院,1
1241,南京工业大学教务处办公室,1
1242,南开大学马克思主义教育学院,1
1243,海南大学外国语学院,1
1244,高等教育出版社力学编辑室编审,1
1245,湖南省粮校,1
1246,湖北经济学院信息管理学院,1
1247,温州大学(筹)物理与电子信息学院,1
1248,湖北工业大学经济与管理学院公共管理系,1
1249,内蒙古师范大学历史文化学院,1
1250,湖南农业大学理学院,1
1251,浙江师范大学应用数学所,1
1252,南京大学文学院语言学系,1
1253,南京工业大学计算机科学与技术学院,1
1254,福建农林大学,1
1255,山西大学外语系,1
1256,哈尔滨教育学院,1
1257,宁波城市职业技术学院环境学院,1
1258,工程兵工程学院,1
1259,淮阴师范专科学校,1
1260,中国纺织大学无锡分校,1
1261,湖北工学院,1
1262,湖北轻工业学院,1
1263,宁波大学阳明学院教务办,1
1264,江苏广播电视大学江文化艺术系,1
1265,江苏工业学院教学质量监控中心,1
1266,北京大学环境科学与工程学院,1
1267,南京工业大学教务处,1
1268,安徽省宿州学院文学院,1
1269,东南大学社会科学系,1
1270,广西职业技术学院教务处,1
1271,东南大学高教所,1
1272,天津科技大学法政学院,1
1273,教育部高等学校自动化专业教学指导分委员会,1
1274,湘潭大学法学院,1
1275,浙江外国语学院教育科学学院,1
1276,美国波特兰太平洋大学,1
1277,苏州建工职大,1
1278,上海海事大学国际航运系,1
1279,中国青年政治学院新闻与传播系,1
1280,上海交通大学医学院,1
1281,福建工程学院土木工程系,1
1282,贵州民族大学民族文化与认知科学学院,1
1283,天津商学院,1
1284,山东莱阳农学院,1
1285,上海电子技术学校,1
1286,南开大学哲学院,1
1287,福建师范大学文学院,1
1288,高等教育出版社中文室,1
1289,青岛大学理学院物理系教研室,1
1290,广东建筑工程专科学校,1
1291,燕山大学英语系,1
1292,海南大学人文传播学院,1
1293,湖南师范大学外国语学院,1
1294,北京工业大学建筑与城市规划学院,1
1295,上海大学文学院中文系,1
1296,中国地质大学(北京)外国语学院,1
1297,中国传媒大学发展战略规划处,1
1298,杭州电子工业学院科研处,1
1299,昆明理工大学管理与经济学院,1
1300,南京农业大学教务处教材科,1
1301,北京大学教授、中国科学院院士,1
1302,南京工业大学校长办公室,1
1303,中国传媒大学文学院,1
1304,湖南省第一师范学校数理系,1
1305,北京师范大学化学学院《化学教育》编辑部,1
1306,水电部教育司,1
1307,北京第二外国语学院计算机教研室,1
1308,云南大学教务处,1
1309,河南财经学院,1
1310,国防科学技术大学计算机学院,1
1311,辽宁工业大学,1
1312,浙江理工大学教务处,1
1313,荆州师专,1
1314,重庆大学建设管理与房地产学院,1
1315,上海金融学院教务处,1
1316,东北水电专科学校,1
1317,东南大学电子商务系,1
1318,天津师大,1
1319,中国传媒大学,1
1320,国家教委高等教育司理科处,1
1321,陕西师范大学教师教学发展中心,1
1322,桂林理工大学,1
1323,哈尔滨科技大学,1
1324,吉林联合大学教务处,1
1325,对外经济贸易大学保险学院,1
1326,广东白云学院财经系,1
1327,河北大学历史学院考古系,1
1328,暨南大学网络与教育技术中心,1
1329,湘潭大学历史文化学院,1
1330,商务部条约法律司,1
1331,湖北第二师范学院文学院,1
1332,洛阳理工学院机械工程系,1
1333,南京金陵科技学院,1
1334,长春理工大学机电工程学院,1
1335,北京理工大学理学院,1
1336,中南财经大学,1
1337,湖南省邵阳师专,1
1338,河南省洛阳师专化学系,1
1339,浙江大学电子服务研究中心,1
1340,浙江机电职业技术学院人事处,1
1341,大连理工大学电子信息与电气工程学部,1
1342,大连理工大学人文学院,1
1343,武汉大学教育科学研究院,1
1344,中国科学技术大学中国科学技术大学天文与应用物理系,1
1345,东北林业大学林学院,1
1346,东北师范大学计算机科学与信息技术学院,1
1347,四川大学马克思主义学院,1
1348,安徽理工大学人文社会科学学院,1
1349,南京工业大学材料科学与工程学院,1
1350,重庆交通大学教务处,1
1351,石河子大学外国语学院,1
1352,中国矿业大学信电学院,1
1353,武汉科技大学教务处,1
1354,南京理工大学军工试验中心,1
1355,西安工程科技学院,1
1356,华中科技大学机械学院,1
1357,山东大学材料科学与工程学院,1
1358,中国人民大学公共管理学院,1
1359,第四军医大学,1
1360,西安冶金建筑学院,1
1361,高等教育出版社职教部,1
1362,中央财经大学法学院,1
1363,北京师范大学教育学部教育管理学院,1
1364,"全国高等学校教学研究中心""爱课程""中心",1
1365,浙江工业大学校办,1
1366,山西大学商务学院法律学系,1
1367,广东省教育厅高等教育处,1
1368,合肥学院基础实验与实践教学中心基础化学实验室,1
1369,桂林理工大学化学与生物工程学院,1
1370,重庆科技学院土木工程系,1
1371,德,1
1372,成都理工大学材料与化学化工学院,1
1373,太原理工大学外国语学院,1
1374,中央财经大学图书馆,1
1375,中央财经大学金融系,1
1376,郑州大学化学与分子工程学院,1
1377,浙江大学电气工程学院电工电子基础教学中心,1
1378,中山大学生命科学学院,1
1379,浙江大学城市学院教务部,1
1380,西安交通大学管理学院MBA/EMBA管理经济学课程组,1
1381,安徽财经大学国际经济贸易学院,1
1382,高等教育出版社计算机分社,1
1383,复旦大学出版社总编办公室,1
1384,湖北经济学院金融学院,1
1385,湖南师范大学音乐学院,1
1386,北京工业大学软件学院,1
1387,天津农学院,1
1388,浙江工商大学,1
1389,上海市鞍山中学,1
1390,潍坊学院北海国际学院,1
1391,成都电讯工程学院,1
1392,北师大历史系,1
1393,北京航空航天大学仪器科学与光电工程学院,1
1394,中央民族大学信息工程学院,1
1395,中国人民大学艺术学院艺术学系,1
1396,上海电机技术高等专科学校,1
1397,湖北工业大学语言文化传播系,1
1398,中国刑事警察学院教务处,1
1399,北京师范大学生命科学学院实验教学中心,1
1400,厦门大学化学化工学院国家级化学实验教学示范中心基础化学实验课程组(二),1
1401,葛州坝水电工程学院,1
1402,昆明师范专科学校,1
1403,重庆大学职业规划和就业指导教研室,1
1404,四川大学数学学院,1
1405,湖南大学机械与运载工程学院机械设计系,1
1406,厦门大学高等教育质量建设协同中心,1
1407,河南大学环境与民商法研究所,1
1408,沈阳工程学院基础部,1
1409,云南大学生命科学学院,1
1410,广东商学院会计学院,1
1411,哈尔滨职业技术学院教务处,1
1412,桂林理工大学地球科学学院,1
1413,渤海大学物理系,1
1414,南昌水电专科学校,1
1415,吉林大学化学学院,1
1416,北京邮电大学理学院物理系,1
1417,苏州丝绸工学院,1
1418,郑州大学物理工程学院,1
1419,河南大学文学院,1
1420,中国人民银行,1
1421,全国高等教育教材建设研究会,1
1422,华中科技大学公共管理学院,1
1423,吕梁高等专科学校历史文化系,1
1424,昆明学院,1
1425,抚顺石油学院,1
1426,湖南大学机械与汽车工程学院,1
1427,西安公路学院理论力学教研室,1
1428,南京大学海外教育学院,1
1429,大连铁道学院材料力学教研室,1
1430,云南大学法学院,1
1431,昆明市教育局,1
1432,甘肃工业大学,1
1433,燕山大学外语学院,1
1434,厦门理工学院管理科学系,1
1435,南京电力专科学校,1
1436,北京师范大学比较教育研究中心,1
1437,北京航天航空大学,1
1438,上海第二医科大学,1
1439,西安公路学院,1
1440,中国科学技术大学教务处,1
1441,扬州大学园艺与植物保护学院,1
1442,东北林业大学,1
1443,吉林大学地球探测科学与技术学院,1
1444,华中师范大学党委,1
1445,吉林大学生命科学学院副院长兼国家级生物实验教学示范中心,1
1446,西安工业学院,1
1447,浙江万里学院教务处,1
1448,东南大学自动控制系,1
1449,上海石油化工专科学校,1
1450,浙江大学生命科学院,1
1451,聊城大学文学院,1
1452,扬州大学广陵学院机电系,1
1453,兰州大学信息科学与工程学院,1
1454,长沙教师进修学院,1
1455,华侨大学文学院,1
1456,西南财经大学工商管理学院,1
1457,南开大学哲学学院,1
1458,中国医科大学,1
1459,华东地质学院,1
1460,扬州师范学院物理系,1
1461,北京师范大学研究生院培养处,1
1462,浙江省高等教育学会,1
1463,江南大学法政学院,1
1464,中山大学数学与计算科学学院,1
1465,暨南大学经济学院,1
1466,北京交通大学计算机与信息技术学院计算机基础教学基地,1
1467,武汉科技大学,1
1468,中国石油大学(华东)机电工程学院机电工程系,1
1469,中央民族大学文学与新闻传播学院,1
1470,华中师范大学教育学院课程与教学研究所,1
1471,浙江金融职业学院银领学院,1
1472,河南理工大学电气工程与自动化学院测控系,1
1473,厦门大学国家级化学实验教学示范中心,1
1474,北京联合大学基础部数学教研室,1
1475,湖北省教委高教处,1
1476,天津城市职业学院机电与信息工程系,1
1477,大连理工大学创新实验学院,1
1478,西北师范大学教育技术与传播学院,1
1479,重庆医科大学,1
1480,德州学院地理系,1
1481,江苏射阳县粮食职工学校,1
1482,浙江树人大学人文学院,1
1483,澳门大学科技学院,1
1484,西北农林科技大学理学院,1
1485,温州大学美术与艺术设计学院,1
1486,南京审计学院教务处教学管理科,1
1487,南京药学院,1
1488,电子科技大学自动化工程学院,1
1489,吉林大学机械科学与工程学院工业工程系,1
1490,中央财经大学信息学院,1
1491,浙江经济高等专科学校,1
1492,南京农业大学食品科技学院,1
1493,武汉大学测绘学院,1
1494,国家教育委员会职业教育司,1
1495,深圳职业技术学院学生处,1
1496,东南大学土木工程系,1
1497,北京交通大学,1
1498,中国计量学院力学教研室,1
1499,长春工程学院教务处,1
1500,临沂师范学院外国语学院,1
1501,哈尔滨学院教务处,1
1502,南京财经大学发展规划处,1
1503,北华大学林学院,1
1504,华南农业大学动物科学学院党委,1
1505,内蒙古大学生物系,1
1506,浙江科技学院自动化与电气工程学院电气系,1
1507,集美航海学院,1
1508,上海交通大学,1
1509,河南机电高专党委,1
1510,汕头大学医学院教务处,1
1511,本刊通讯员,1
1512,台湾东海大学,1
1513,河南机电专科学校,1
1514,湖南大学外国语与国际教育学院,1
1515,沈阳工业大学测控技术与仪器系,1
1516,中央财经大学保险学院,1
1517,华中师范大学武汉传媒学院,1
1518,漳州师范学院中华语言文化研究所,1
1519,安徽建筑工业学院建工系,1
1520,广西师范学院教务处教研科,1
1521,湖南工程学院教务处,1
1522,成都师范专科学校数学系,1
1523,中国政法大学民商法经济法学院商法研究所,1
1524,南昌大学新闻与传播学院,1
1525,长安大学电子与控制工程学院,1
1526,中国传媒大学美术传播研究所,1
1527,华东理工大学药学院药物科学系,1
1528,江苏省教委,1
1529,西安外国语大学新闻与传播学院,1
1530,广东商学院信息管理学院,1
1531,温州师范学院教育技术系,1
1532,西北工业大学航天学院,1
1533,四川师范大学教育学院,1
1534,中国政法大学民商经济法学院,1
1535,浙江大学数学系基础数学课程教学研究中心,1
1536,江西财经大学外语学院,1
1537,山东大学高等教育研究中心,1
1538,高等教育出版社力学编辑室,1
1539,内蒙古师范大学传媒学院,1
1540,湖南农业大学,1
1541,中国人民大学新闻伦理学与法规研究所,1
1542,哈尔滨船舶工程学院教材科,1
1543,湖北黄冈地区工业学校,1
1544,中国石油大学(华东)理学院党委,1
1545,大连理工大学机械系,1
1546,南昌水专,1
1547,宁波海洋学校通信教研室,1
1548,中国矿业大学化工学院应用化学系,1
1549,浙江越秀外国语学院国际交流学院,1
1550,南京大学教育系,1
1551,哈尔滨工业大学机电工程学院专业教学实验中心,1
1552,暨南大学艺术学院办公室,1
1553,华中农业大学生命科学技术学院党委,1
1554,福建农林大学,1
1555,上海城市建设学院,1
1556,清华大学自动化系,1
1557,中国海洋大学教务处,1
1558,湖北大学物理学与电子技术学院,1
1559,上海对外贸易学院金融管理学院,1
1560,四川农业大学,1
1561,平顶山学院文学院,1
1562,陕西师大,1
1563,四川省教育委员会高教处,1
1564,齐齐哈尔轻工学院化工系,1
1565,郑州轻工业学院,1
1566,国家教委高等教育司医药处,1
1567,清华大学计算机科学与技术系,1
1568,江苏省常熟理工学院,1
1569,南京大学国家级化学实验教学示范中心化工基础实验室,1
1570,陕西工商学院计算中心室,1
1571,中国农业大学生物学院生化与分子生物学系,1
1572,杭州工人业大,1
1573,河南大学生命科学学院,1
1574,温州大学教师教育学院教育系,1
1575,安徽农业大学生命科学学院,1
1576,浙江省委教育工委,1
1577,湖南工业职业技术学院,1
1578,武汉纺织大学,1
1579,北京国际汉语学院,1
1580,深圳大学教务部,1
1581,南京工业大学继续教育学院,1
1582,安徽师范大学研究生院,1
1583,湖南邵阳师范专科学校数学系,1
1584,船舶总公司教材编审室,1
1585,丽水学院高等教育研究所,1
1586,湖南农业大学人文社会科学学院,1
1587,扬州大学水利学院,1
1588,海军兵种指挥学院中校,1
1589,郑州大学文学院,1
1590,哈尔滨工业大学电子学教研室,1
1591,北京信息科技大学公共管理系,1
1592,国家教委医药教育处,1
1593,徽州师专,1
1594,中华女子学院计算机系,1
1595,西南政法大学法学教授财税法研究中心,1
1596,四川农业大学外语系,1
1597,浙江农林大学党委,1
1598,青岛理工大学经贸学院,1
1599,杭州师范大学美术学院,1
1600,大连理工大学软件学院创新实践基地,1
1601,浙江大学本科生院教学质量与资源管理处,1
1602,浙江工业大学理学院,1
1603,河南商业高等专科学校工商管理系,1
1604,四川省宜宾师范专科学校教务处,1
1605,淮阴工学院人文学院社会科学系,1
1606,福州师范专科学校,1
1607,河南大学经济学院,1
1608,黑龙江财政专科学校,1
1609,大连理工大学,1
1610,河北金融学院科研处,1
1611,北京市教委高教处,1
1612,北京动力经济学院,1
1613,中国传媒大学图书馆,1
1614,教育部考试中心,1
1615,上海交通大学慕课研究院,1
1616,北京工业大学艺术设计学院公共文化课教学部,1
1617,山东教育学院计算机科学与技术系,1
1618,教育部高等教育司高职与高专教育处,1
1619,南开大学化学学院化学系,1
1620,北京理工大学教材科,1
1621,南京审计学院管理系,1
1622,重庆石油学校,1
1623,沈阳师范大学学前与初等教育学院,1
1624,北京工业大学计算机学院,1
1625,中国地质大学(武汉)政法学院,1
1626,海军工程大学教务处,1
1627,全国高等职业技术教育研究会,1
1628,西北师范大学教育学院,1
1629,南京林业大学高等教育研究所,1
1630,山东经济学院教务处教学研究科,1
1631,云南大学马克思主义学院,1
1632,浙江第二人民警察学校,1
1633,上海交通大学教务处教学改革与质量办公室,1
1634,中国人民公安大学教务处,1
1635,北京交通大学软件学院,1
1636,常州大学周有光语言文化学院,1
1637,中国海洋大学海洋环境学院海洋气象学系,1
1638,重庆建工学院,1
1639,中国科学院数学与系统科学研究院!院长、院士,1
1640,湖州师专,1
1641,北京语言大学汉语学院经贸系,1
1642,北京师范大学教育管理学院,1
1643,浙江广播电视大学,1
1644,江西师范大学教材科,1
1645,东南大学艺术学院,1
1646,哈尔滨师范大学政法学院,1
1647,西安电子科技大学微电子学院,1
1648,杭州教育学院物理系,1
1649,北京轻工业学院,1
1650,湖南师范大学商学院,1
1651,教育部高等学校经济学类专业教学指导委员会,1
1652,国防科技大学电子科学与工程学院,1
1653,北京大学招生办公室,1
1654,北京第二外国语学院国际经济贸易学院,1
1655,湖南理工学院中文系,1
1656,对外经济贸易大学统计学院,1
1657,南京大学会计系,1
1658,华中理工大学出版社理科编辑室主任,1
1659,陕西师范大学地理系,1
1660,郑州工学院化工系,1
1661,暨南大学评建办,1
1662,清华大学人文学院历史系,1
1663,河南工业大学设计艺术学院,1
1664,苏州工业园区服务外包职业学院合作交流处,1
1665,大连理工大学化工学院有机化学教研室,1
1666,驻马店师专,1
1667,北京大学无线电系,1
1668,北京科技大学学生就业指导中心,1
1669,西北大学文博学院,1
1670,合肥工业大学管理学院,1
1671,张家口师专,1
1672,北京美学家，北京大学,1
1673,中国科学院地学部,1
1674,河南理工大学高等教育研究所,1
1675,对外经济贸易大学教务处,1
1676,北京工业大学环境与能源工程学院化学化工系,1
1677,重庆大学电气工程系,1
1678,湖南工业大学发展规划处,1
1679,兰州大学地矿学院,1
1680,上海电视大学,1
1681,全国人大常委会,1
1682,南京大学历史学院,1
1683,湘潭机电高等专科学校,1
1684,山东旷业学院,1
1685,重庆大学校长办公室,1
1686,湖北大学文学院,1
1687,上海交通大学马克思主义学院,1
1688,浙江万里学院,1
1689,北京邮电大学经济管理学院,1
1690,国家教委师范教育司教材处,1
1691,克山师专,1
1692,东北师范大学计算机科学系,1
1693,北京石油化工学院经济管理学院工商管理系,1
1694,淮海工学院现代教育技术中心,1
1695,温州大学物理与电子信息工程学院,1
1696,清华大学工程力学系理论力学教研室,1
1697,陕西工学院,1
1698,北京林业大学生物科学与技术学院,1
1699,教育部高教司!司长,1
1700,三亚学院,1
1701,忻州师范学院外语系,1
1702,新疆师范大学数理信息学院,1
1703,东南大学建筑学院,1
1704,湖南工业职业技术学院评建办,1
1705,吉林大学化学学院公共化学教学与研究中心,1
1706,中共福建省委教育工委,1
1707,解放军重庆通信学院,1
1708,阜新市师范学校,1
1709,淮南矿业学院建筑工程系,1
1710,上海海洋大学食品学院化学系,1
1711,江苏泰州市职工大学,1
1712,江苏师范大学文学院,1
1713,四川师范大学成都学院,1
1714,同济大学经济管理学院,1
1715,上海财经大学研究室,1
1716,福州大学厦门工艺美术学院艺术史论系,1
1717,广州大学人事处,1
1718,北大,1
1719,清华大学发展规划处,1
1720,广播电视部教材编审委员会中专教材组,1
1721,福建师范大学教师教育学院,1
1722,广东韶关学院,1
1723,郑州牧业工程高等专科学校,1
1724,西安交通大学第一附属医院教学部,1
1725,济南大学体育学院,1
1726,天津青年职业学院,1
1727,兰洲大学,1
1728,南开大学公共英语教学部教研室,1
1729,中央财经大学现代逻辑研究所,1
1730,南京大学环境学院党委,1
1731,北京理工大学党委,1
1732,常州工学院教务处教学建设科,1
1733,天津大学管理与经济学部,1
1734,中国科学技术大学计算机系,1
1735,合肥学院中文系,1
1736,西北工业大学经济研究所,1
1737,重庆师范大学历史与社会学院,1
1738,西北工业大学体育部,1
1739,高等教育出版社电工编辑室,1
1740,华东师范大学教育科学院,1
1741,教育部高等学校软件工程专业教学指导委员会,1
1742,河北师范大学体育系,1
1743,高等教育出版社理科部,1
1744,厦门大学高等教育科学研究所,1
1745,北京工业大学人文学院,1
1746,航空航天部教编室,1
1747,广东商学院经贸学院国际商务系,1
1748,求是杂志社,1
1749,陕西省安康师专物理系,1
1750,安徽阜阳师范学院历史系,1
1751,江西宜春师专,1
1752,南京大学新闻传播学院广告学系,1
1753,北京大学艺术学院影视学系,1
1754,江苏科技大学,1
1755,兰州理工大学党委,1
1756,中国航空工业总公司教材编审室,1
1757,福建师范大学地理科学学院,1
1758,北京理工大学物理学院,1
1759,湖南益阳师专,1
1760,西安邮电学院管理系,1
1761,武汉水运工业学校,1
1762,南开大学经济学院经济系,1
1763,杭州师范学院,1
1764,重庆大学实验室及设备管理处,1
1765,青海师范大学教材科,1
1766,浙江理工大学文化传播学院,1
1767,辽宁师范大学,1
1768,中国科学技术大学信息学院,1
1769,华北电力大学工商管理学院,1
1770,绍兴文理学院教育学院,1
1771,株州铁路机械学校,1
1772,北京师范大学珠海分校外国语学院,1
1773,北京第二外国语学院国际文化贸易暨服务贸易研究中心,1
1774,长春水电专科学校电力基础教研室,1
1775,井冈山大学,1
1776,南京师范大学地理科学学院地理信息系统系,1
1777,湘谭大学,1
1778,浙江大学光电信息工程学系教学系,1
1779,中央财经大学高等教育研究所,1
1780,上海师大,1
1781,皖西学院教务处,1
1782,空军第二航空技术专科学校力学教研室,1
1783,温州职业技术学院,1
1784,黄山学院旅游学院,1
1785,南京铁路运输学校,1
1786,南京航空航天大学材料科学与技术学院,1
1787,西安交通大学国家级教师教学发展示范中心专家工作组,1
1788,东南大学教务处,1
1789,忻州师范学院,1
1790,天津美术学院教务处,1
1791,西安建筑科技大学教务处,1
1792,北京邮电大学软件学院,1
1793,绍兴文理学院教务处教研科,1
1794,人民卫生出版社,1
1795,武汉大学教务处,1
1796,东南大学实验室与设备管理处,1
1797,湖南大学国家级基础化学实验教学示范中心,1
1798,福建漳州师范学院外语系,1
1799,大连海事大学法学院,1
1800,山西师范大学外国语学院英语系,1
1801,黑龙江工程学院成人教育学院,1
1802,华中科技大学国家大学生文化素质教育基地,1
1803,淮北职业技术学院教务处,1
1804,东大学外国语学院,1
1805,海南大学,1
1806,解放军军械工程学院,1
1807,湖南城市学院,1
1808,重庆大学体育学院,1
1809,美国乔治·华盛顿大学,1
1810,西南交通大学公共管理学院,1
1811,湖南人文科技学院外语系,1
1812,北京工商大学艺术与传媒学院,1
1813,江苏淮阴师专化学系,1
1814,空军第二航空专科学校,1
1815,中山大学医学部,1
1816,华北电力学院电子教研室,1
1817,武汉工程大学材料科学与工程学院,1
1818,闽南师范大学教育科学研究所,1
1819,南京理工大学材料科学与工程学院,1
1820,北京第二外国语学院教育技术中心计算机教研室,1
1821,南京大学化学化工学院国家级化学实验教学示范中心,1
1822,常德师专,1
1823,北京科技大学教材科,1
1824,宁夏大学,1
1825,南京大学图书馆,1
1826,河南理工大学电气工程与自动化学院,1
1827,国防科学技术大学机电工程与自动化学院,1
1828,安徽电子信息职业技术学院教学科研处,1
1829,复旦大学化学系,1
1830,江苏省委教育工委,1
1831,杭州高等专科学校,1
1832,北京大学教务部教务办公室,1
1833,曲阜师范大学中文系,1
1834,华南农业大学教务处,1
1835,燕山大学经济管理学院旅游系,1
1836,吉林大学法学院高等法学教育研究所,1
1837,南京理工大学经济管理学院应用经济学系,1
1838,安徽农业大学,1
1839,清华大学航天航空学院,1
1840,上海电机学院,1
1841,江苏农学院教务处,1
1842,清华大学应用数学系,1
1843,河南理工大学校办,1
1844,华中师范大学教师教学发展中心,1
1845,郑州纺织机电专科学校,1
1846,西安理工大学,1
1847,重庆工学院,1
1848,华东师范大学软件学院,1
1849,辽宁师范大学文学院,1
1850,湖南商学院,1
1851,广东工业大学,1
1852,内蒙古大学,1
1853,华东理工大学商学院,1
1854,合肥工业大学教务部学生注册中心,1
1855,燕山大学材料科学与工程学院,1
1856,高等教育出版社期刊编辑室,1
1857,广东石油化工学院化学与生命科学学院,1
1858,南京农业大学工学院,1
1859,国家教委高教司教材建设处,1
1860,零陵学院,1
1861,宁波高等专科学校,1
1862,浙江省湖州师范学院理学院,1
1863,山西经济管理学院,1
1864,中山大学党委,1
1865,江汉大学!(筹)校长,1
1866,武汉海军工程学院,1
1867,西北工业大学教务处教学质量科,1
1868,黑龙江大学教育学院,1
1869,中央财经大学会计学院党总支,1
1870,湖南大学衡阳分校,1
1871,复旦大学应用力学系,1
1872,山西省吕梁高等专科学校离石师范分校党委,1
1873,中国科学院，大连理工大学,1
1874,华东化工院,1
1875,太原大学,1
1876,铜仁职业技术学院成教处,1
1877,南平师范专科学校,1
1878,扬州大学教务处办公室,1
1879,浙江财经大学教务处,1
1880,东北大学机械原理教研室,1
1881,中央财经大学经济学院经济系,1
1882,北京大学数学学院,1
1883,青岛大学应用化学系,1
1884,清华大学土木工程系,1
1885,四川大学法学院,1
1886,沈阳药科大学教务处教材科,1
1887,曲靖师范专科学校,1
1888,内蒙古财经大学,1
1889,西安科技大学理学院,1
1890,浙江理工大学机械基础国家级实验教学示范中心,1
1891,中国科大,1
1892,浙江海洋学院教师教育中心,1
1893,中山大学设备与实验室管理处,1
1894,山东工大,1
1895,北京师范大学外语学院,1
1896,上海师范大学外国语学院日语系,1
1897,北京航空航天大学数学与系统科学学院,1
1898,建设部工程管理专业指导委员会,1
1899,郑州职业技术学院机械工程系,1
1900,温州大学创业人才培养学院,1
1901,广西大学商学院财务与会计系,1
1902,武汉无线电工业学校,1
1903,淮海工学院,1
1904,武汉科技大学外国语学院,1
1905,山东大学数学与系统科学学院,1
1906,华北电力大学,1
1907,中国科学技术大学生命科学学院,1
1908,北京语言大学汉语水平考试中心,1
1909,南京大学地理与海洋科学系,1
1910,新乡学院文学院,1
1911,西安石油大学思政部,1
1912,山西师范大学城市与环境科学学院,1
1913,武汉大学美国加拿大经济研究所,1
1914,山东工商学院教务处,1
1915,温州大学网络工程国家级虚拟仿真实验教学中心,1
1916,西南科技大学,1
1917,中国矿业大学(徐州)管理学院,1
1918,华东理工大学人文科学研究院文化素质教育中心,1
1919,西华师范大学文学院,1
1920,沈阳师范学院,1
1921,大连陆军学院,1
1922,西安电子科技大学电磁场教研室,1
1923,安庆医药高等专科学校教务处,1
1924,浙江大学社会科学学部,1
1925,广东药学院,1
1926,武汉大学化学与分子科学学院分析科学研究中心,1
1927,北京航空航天大学应用数理系，国家教委高等学校数学与力学教学指导委员会,1
1928,广东药学院教学研究科,1
1929,齐鲁师范学院,1
1930,江西师范大学财政金融学院,1
1931,南京铁道职业技术学院党委,1
1932,锦州医学院,1
1933,山东冶金工业学院,1
1934,西安交通大学物理系,1
1935,中国海洋大学管理学院会计系,1
1936,华中农业大学理学院计算机科学系,1
1937,西安理工大学理学院,1
1938,南京邮电大学人文与社会科学学院,1
1939,广州工程技术职业学院,1
1940,江南大学党委,1
1941,浙江宁波高等专科学校,1
1942,南京农专,1
1943,东南大学教材科,1
1944,华东师范大学城市与区域科学学院,1
1945,漳州师范学院,1
1946,云南大学教学评估办公室,1
1947,东南大学交通学院运输与物流工程系,1
1948,国际关系学院!杭州校区,1
1949,上海市财经学校,1
1950,中国地质大学(武汉)公共管理学院,1
1951,安徽师范大学地理系,1
1952,西南师范大学数学系,1
1953,北京航空航天大学机械工程及自动化学院,1
1954,兰州大学管理学院,1
1955,哈尔滨工程大学教务处教学研究科,1
1956,山东大学高等数学教研室,1
1957,教育部教育发展研究中心,1
1958,西北师范学院,1
1959,北京师范大学党校,1
1960,湖北大学公共管理学院,1
1961,西北工业大学理学院应用数学系,1
1962,山西大同大学机电工程系,1
1963,安徽农业大学基础学院,1
1964,浙江科技学院教师教学发展中心,1
1965,北京大学数学科学学院,1
1966,华南工学院分析化学教研组,1
1967,华中师范大学,1
1968,中国传媒大学文法学部对外汉语教育中心,1
1969,淮海工学院高等教育研究所,1
1970,浙江大学中国语言文学系,1
1971,南京航空航天大学党办,1
1972,高等教育出版社党委,1
1973,南京气象学院物理教研室,1
1974,蚌埠学院教务处,1
1975,景德镇陶瓷学院,1
1976,培正商学院,1
1977,浙江农林大学教务处,1
1978,曲靖师范学院,1
1979,武汉大学教务部办公室,1
1980,大连铁道学院,1
1981,清华大学信息科学技术学院,1
1982,广州师范学院,1
1983,西北工业大学计算机系,1
1984,北京理工大学热工教研室，北京理工大学,1
1985,湖南财经专科学校,1
1986,中国科学技术大学计算机科学技术系,1
1987,北京邮电大学理学院,1
1988,华中科技大学电信系,1
1989,上海外国语大学德语系,1
1990,北京联大自动化工程学院,1
1991,重庆大学法学院,1
1992,浙江大学竺可桢学院特殊培养办公室,1
1993,湖北经济学院工商管理学院市场营销系,1
1994,广东商学院信息学院,1
1995,天津大学化学系,1
1996,郑州航空工业管理专科学校,1
1997,浙江师范大学田家炳教育科学研究院,1
1998,河南师范大学有机化学教研室,1
1999,陕西理工学院,1
2000,复旦大学物理学系课堂教学督导组,1
2001,浙江工业大学化学工程与材料学院,1
2002,南京大学新闻研究所,1
2003,北京教育科学研究院高等教育科学研究所,1
2004,南京大学化学系,1
2005,华东理工大学教务处,1
2006,成都电子科技大学,1
2007,厦门大学数学科学学院,1
2008,安徽建筑工业学院力学教研室,1
2009,南京农业大学教务处综合科,1
2010,湖南理工学院中国语言文学院,1
2011,咸阳师专,1
2012,长春师范学院,1
2013,中央司法警官学院,1
2014,常熟理工学院外国语学院,1
2015,北京大学中国语言学研究中心/中文系,1
2016,北京大学，中山大学,1
2017,武汉大学历史学院,1
2018,云南大学人文学院,1
2019,黑龙江大学文学院,1
2020,仰恩大学,1
2021,新疆师范大学数理信息学院物理系,1
2022,北京工业大学出版社,1
2023,长沙大学,1
2024,广州商学院教务处,1
2025,山东财政学院,1
2026,南京大学强化部,1
2027,北京科技大学计算机与通信工程学院,1
2028,北京信息科技大学机电工程学院,1
2029,南京大学公共管理学院,1
2030,西北农林科技大学人文学院,1
2031,西北工业大学应用数学系,1
2032,黑龙江大学教务处教学建设科,1
2033,宜昌医专,1
2034,清华大学人文学院外语系,1
2035,东华大学,1
2036,山东曲阜师范大学化学系,1
2037,黑龙江大学外语教学研究部,1
2038,湖南师范大学教科院,1
2039,信阳师院,1
2040,南京大学经济学院,1
2041,上海静安区业余大学,1
2042,邵阳工业专科学校力学教研室,1
2043,南京三江学院文学与新闻传播学院,1
2044,北京工商大学商学院,1
2045,兰州大学大气科学学院,1
2046,上海杉达学院英语系,1
2047,复旦大学生命科学学院微生物学实验室,1
2048,宁波工程学院建工学院,1
2049,西南石油大学计算机科学学院,1
2050,青岛理工大学商学院国际商务系,1
2051,山西大学高等教育研究所,1
2052,炮兵学院,1
2053,韩山师范学院中文系,1
2054,河南理工大学党委,1
2055,邵阳师专,1
2056,淮阴工业专科学校,1
2057,山东滨州师范专科学校,1
2058,莆田学院,1
2059,哈尔滨工业大学管理学院(威海),1
2060,淮北职业技术学院,1
2061,北方交通大学教务处,1
2062,东南大学信息科学与工程学院,1
2063,西北师范大学地理系中国地理教研室,1
2064,黑龙江商学院,1
2065,中央民族大学管理学院,1
2066,南京航空航天大学电子信息工程学院,1
2067,浙江丽水学院教师教育学院办公室,1
2068,国家大学生文化素质教育基地,1
2069,嘉兴学院医学院,1
2070,一汽职大,1
2071,国家教育委员会高等教育司教材建设处,1
2072,湘潭机电专科学校,1
2073,中山大学高等教育研究所,1
2074,山西大学党委,1
2075,安徽大学哲学系,1
2076,湖南大学,1
2077,南京通信工程学院,1
2078,上海交通大学，长春建筑高等专科学校，国家教委高教司,1
2079,哈尔滨医科大学,1
2080,厦门大学教务处,1
2081,教育部思想政治工作司,1
2082,南京航空航天大学江苏省力学实验教学示范中心,1
2083,宁波工程学院党委,1
2084,北方交通大学，北方交通大学电子电路实验中心,1
2085,湖南大学理论物理研究所,1
2086,南京理工大学知识产权学院,1
2087,南京航空航天大学工程训练中心,1
2088,商丘师范高等专科学校，中国矿业大学，周口师范高等专科学校,1
2089,南京林业大学机械电子工程学院汽车与交通运输系,1
2090,清华大学现代应用物理系,1
2091,广东商学院金融学院,1
2092,中国政法大学民商经济法学院财税金融法研究所,1
2093,河南理工大学教务处,1
2094,上海交通大学软件学院,1
2095,辽宁师大,1
2096,山东理工大学教务处,1
2097,华北电力大学电气与电子工程学院电力工程系,1
2098,江南大学高等教育研究所,1
2099,解放军信息工程大学地理空间信息学院,1
2100,忻州师范学院中文系,1
2101,黑龙江工程学院汽车工程系,1
2102,上海交通大学国家人类基因组南方研究中心,1
2103,武钢职工大学,1
2104,宁波卫生职业技术学院,1
2105,温州师范学院化学系,1
2106,贵州师范大学,1
2107,浙江科技学院理学院,1
2108,哈尔滨工业高等专科学校,1
2109,中国科学院!院士,1
2110,中山大学旅游学院,1
2111,中山大学教育学院,1
2112,漳州师范学院教师教育学院,1
2113,重庆师范学院,1
2114,大连大学,1
2115,成都信息工程学院,1
2116,广东佛山科学技术学院文学院中文系,1
2117,青岛理工大学,1
2118,内蒙古大学哲学学院,1
2119,哈尔滨工程大学信息与通信工程学院,1
2120,吉林财经大学,1
2121,华中师范大学美术学院,1
2122,江西理工大学,1
2123,昆明理工大学工程力学系,1
2124,中南大学创新与创业教育办公室,1
2125,九江学院法学院,1
2126,内蒙古师范大学地理系,1
2127,西南交通大学物理科学与技术学院,1
2128,同济大学机械工程学院,1
2129,郑州解放军信息工程学院,1
2130,北京大学财经法研究中心,1
2131,大连理工大学工程训练中心,1
2132,北京科技大学生物科学与技术系,1
2133,江南大学生物工程学院,1
2134,南京师范大学党委,1
2135,复旦大学软件学院,1
2136,上海中医药大学,1
2137,北京化工大学经管学院,1
2138,高等教育出版社，中文编辑室,1
2139,德国哥廷根大学法学研究院,1
2140,西北大学化学与材料科学学院材料化学部,1
2141,中国政法大学教务处,1
2142,武汉大学教务部,1
2143,重庆大学机械工程一系,1
2144,南京信息工程大学党委,1
2145,河南农业大学,1
2146,北京工业大学材料科学与工程学院,1
2147,长沙学院党委,1
2148,扬州大学外国语学院,1
2149,北京交通大学理学院,1
2150,内蒙古大学生命科学学院,1
2151,徐州工程学院外国语学院,1
2152,云南大学高等教育研究院,1
2153,南京电力高等专科学校,1
2154,武汉大学党委,1
2155,浙江树人学院教务处,1
2156,华东师范大学外国语学院,1
2157,重庆工商大学教师教学发展中心,1
2158,江南大学教育科学研究所,1
2159,成都理工大学信息科学与技术学院,1
2160,哈尔滨工业大学电气工程系电子学教研室,1
2161,美国密苏里大学,1
2162,西安石油大学经济管理学院,1
2163,北京化工大学国家大学生文化素质教育基地,1
2164,太原科技大学经济管理学院,1
2165,南开大学教务处,1
2166,东北师范大学政法学院哲学系,1
2167,中国教育学会,1
2168,同济大学化学化工实验教学示范中心,1
2169,高等教育出版社，高教理论参考编辑部,1
2170,西安交通大学教师教学发展中心,1
2171,湖北第二师范学院教务处,1
2172,湖南铁道职业技术学院教务处,1
2173,浙江万里学院计算机与信息学院,1
2174,北京石油化工学院机械工程学院,1
2175,长沙学院高教所,1
2176,中国石油大学(北京)教务处实践与实验教学科,1
2177,北京城市学院,1
2178,湖南女子大学,1
2179,南京航空航天大学发展研究中心政策研究室,1
2180,中国纪检监察学院,1
2181,西南石油大学机电工程学院,1
2182,哈尔滨学院人文学院,1
2183,宿州学院社会科学系,1
2184,中国地质大学(武汉)珠宝学院首饰系,1
2185,大连工业大学艺术设计学院,1
2186,重庆大学教务处,1
2187,淮北师范大学文学院,1
2188,中国人民解放军理工大学,1
2189,国家语言文字工作委员会,1
2190,华南师范大学发展规划办公室,1
2191,华东理工大学化学与分子工程学院,1
2192,湖南女子大学旅游系,1
2193,晋中职大,1
2194,清华大学实验物理教学中心,1
2195,北京工业大学后勤处,1
2196,桂林电子科技大学现代教育技术中心,1
2197,广东省建筑工专,1
2198,西南科技大学分析测试中心,1
2199,中国石油大学(华东)地球资源与信息学院,1
2200,上海大学法学院,1
2201,广东海洋大学工程学院,1
2202,黑龙江绥化师范专科学校,1
2203,清华大学机械工程系,1
2204,新乡医学院高等医学教育研究中心,1
2205,河北水利专科学校,1
2206,广西艺术学院教务处,1
2207,烟台大学人文学院,1
2208,武汉水电学院,1
2209,浙江大学数学科学学院数学基础课程教学研究中心,1
2210,山东大学生物系细胞生物学教研室,1
2211,北京师范大学管理学院,1
2212,北京师范大学儿童心理研究所,1
2213,延安大学数学与计算机科学学院,1
2214,上海电机学院教学质量管理办公室,1
2215,中央财经大学外国语学院,1
2216,黑龙江科技大学,1
2217,中国政法大学中文系,1
2218,复旦大学企业教育研究中心,1
2219,渭南师范学院社科部,1
2220,清华大学教育研究所,1
2221,江西农业大学,1
2222,云南农业大学基础与信息学院,1
2223,浙江工业大学人文学院中文系,1
2224,浙江财经大学法学院,1
2225,香港城市大学法学院,1
2226,永州职业技术学院党委,1
2227,上海教育学院,1
2228,河海大学环境科学与工程学院,1
2229,华中师范大学教育科学研究院,1
2230,中国矿业大学(北京)管理学院,1
2231,浙江大学药学院药物分析室,1
2232,中国科学院研究生院人文学院,1
2233,北京师范大学政治学与国际关系学院中国经济研究中心,1
2234,邵阳学院,1
2235,第四军医大学教务处,1
2236,江苏省淮阴粮食学校,1
2237,西安交通大学,1
2238,高等教育出版社化学分社,1
2239,东北师范大学教师发展委员会办公室,1
2240,上海市教育评估院,1
2241,西安电子科技大学教材科,1
2242,中国人民银行郑州培训学院,1
2243,齐齐哈尔师范高等专科学校,1
2244,岳阳师范学院,1
2245,曲阜师大,1
2246,宁波大学设备与实验室管理处,1
2247,大连海事大学,1
2248,空军工程学院,1
2249,上海大学教务处,1
2250,南京邮电大学经济与管理学院,1
2251,云南财经大学传媒学院,1
2252,扬州大学美术与设计学院,1
2253,山东理工大学文学与新闻传播学院,1
2254,中国人民大学商学院市场营销系,1
2255,暨南大学财税系,1
2256,莆田学院中文系,1
2257,湖南大学金融学院,1
2258,河海大学外国语学院,1
2259,华中科技大学生命科学与技术学院,1
2260,烟台大学数学与信息科学学院,1
2261,石家庄铁道大学信息科学与技术学院,1
2262,武汉大学教材建设科,1
2263,白求恩医科大学,1
2264,北京华文学院,1
2265,广西师范学院艺术系,1
2266,宁德师专,1
2267,北京电子科技职业学院,1
2268,黑龙江水专,1
2269,南京工业大学理学院应用数学系,1
2270,华东师范大学党委,1
2271,哈尔滨学院院长助理兼财经与管理学院,1
2272,南京大学法学院,1
2273,广东外语外贸大学,1
2274,北方工业大学文法学院中文系,1
2275,华中理工大学固电系,1
2276,山东大学管理学院财务研究所,1
2277,德州学院医学系,1
2278,青岛海洋大学教务科，青岛海洋大学教务处,1
2279,湖南师大,1
2280,云南财经大学财政与经济学院,1
2281,乌鲁木齐铁路教育学院,1
2282,浙江财经学院法学院,1
2283,浙江工商大学外国语学院,1
2284,黔南民族师范学院,1
2285,华中农业大学水产学院,1
2286,第四军医大学生物医学工程系计算机教研室,1
2287,重庆大学通信工程学院,1
2288,山东交通职业学院,1
2289,武汉科技学院数字化教学资源研究开发中心,1
2290,徐州医学院组织胚胎学教研室,1
2291,德州学院教育系,1
2292,同济大学软件学院,1
2293,浙江宁波六中,1
2294,江苏海事职业技术学院教务处,1
2295,吉林大学外语学院,1
2296,北京工业大学实验学院外语教研室,1
2297,江西井冈山学院,1
2298,扬州大学机械工程学院,1
2299,中国矿业大学(北京)机电与信息工程学院,1
2300,新乡医学院社会科学部,1
2301,树人大学管理学院,1
2302,湖南文理学院英语语言文学研究所,1
2303,江南大学人文学院,1
2304,台州学院,1
2305,中山大学化学与化学工程学院应用化学系,1
2306,首都师范大学科德学院,1
2307,中国核工业总公司教育培训部,1
2308,陕西师范大学数学与信息科学学院,1
2309,深圳大学MOOC办公室,1
2310,安徽省徽州师范专科学校,1
2311,西南交通大学土木工程学院,1
2312,武汉大学哲学学院哲学系,1
2313,青岛大学,1
2314,雷州师专,1
2315,广州大学城建学院,1
2316,合肥工业大学,1
2317,吉林化工学校,1
2318,浙江师范大学教育学院,1
2319,中国人民解放军理工大学指挥信息系统学院,1
2320,首都师范大学远程教育研究所,1
2321,浙江大学中国思想文化研究所,1
2322,阜阳师范学院中文系,1
2323,河南理工大学工程训练中心,1
2324,物资部科教司,1
2325,华东理工大学化学系物化教研室,1
2326,国防科学技术大学计算机学院网络工程教研室,1
2327,机电部教育司,1
2328,上海复旦大学管理学院,1
2329,山东大学政治学与公共管理学院,1
2330,嘉兴学院校长办公室,1
2331,江西师范大学法学院,1
2332,绍兴文理学院元培学院教务处,1
2333,首都师范大学教育学院,1
2334,南开大学经济学系,1
2335,徐州建筑职业技术学院学报编辑部,1
2336,兰州商学院,1
2337,浙江金融职业学院发展规划处,1
2338,江西财经大学,1
2339,北京交通大学计算机学院,1
2340,重庆师范大学美术学院,1
2341,武汉水利电力学院工程及计算机图学教研室,1
2342,太原科技大学教务处,1
2343,宁波城市职业技术学院旅游学院,1
2344,国家教委理科处,1
2345,山东临沂师专数学系,1
2346,国家教委高等教育司，全国高等教育教材建设研究会,1
2347,哈尔滨大学,1
2348,安徽师范大学国土资源与旅游学院,1
2349,白城师专,1
2350,对外经贸大学金融学院银行管理系,1
2351,北京邮电大学网络教育学院,1
2352,全国高等学校理工农医各科交流讲义中心,1
2353,黑龙江省黑河市卫生学校,1
2354,江西上饶师范专科学校,1
2355,中国科学技术大学数学学院,1
2356,湖南工程学院机械工程学院,1
2357,西南财经大学国际商学院国际投资与管理研究所,1
2358,南京大学哲学系,1
2359,黄山学院外国语言文学研究所,1
2360,浙江工业大学软件学院,1
2361,莱阳农学院,1
2362,华南理工大学外国语学院,1
2363,黑龙江工程学院,1
2364,西北轻工业学院,1
2365,北京科技大学党委,1
2366,南京航空航天大学外国语学院,1
2367,北京工商大学保险学系,1
2368,东南大学物理学院,1
2369,内蒙古大学理工学院数学系,1
2370,上海交通大学研究生院,1
2371,宁波职业技术学院,1
2372,华西医科大学,1
2373,甘肃酒泉工业学校,1
2374,黑龙江农业工程职业学院教务处,1
2375,北京语言大学人文学部,1
2376,北京外国语大学中国外语教育研究中心,1
2377,宁波大学招生办公室,1
2378,哈佛大学教育学院,1
2379,华中师范大学新闻与传播学院,1
2380,重庆大学数学实验教学示范中心,1
2381,中国人民大学历史学院,1
2382,东南大学理论力学教研室,1
2383,郴州教师进修学院,1
2384,湖南工业大学计算机学院,1
2385,广东商学院民营经济研究所,1
2386,特约记者,1
2387,南开大学物理学院,1
2388,江汉大学数学系,1
2389,浙江大学外语系,1
2390,重庆医科大学生物医学工程系,1
2391,重庆大学数理学院,1
2392,南京化工职业技术学院,1
2393,北京大学元培学院党委,1
2394,西北师大外语系,1
2395,中国社会科学院,1
2396,浙江科技学院自动化与电气工程学院,1
2397,华中农业大学教务处实践教学科,1
2398,中国法学教育研究会,1
2399,兰州理工大学,1
2400,四川工业学院理论力学教研室,1
2401,中国社会科学院法学研究所,1
2402,河南大学哲学与公共管理学院,1
2403,福建宁德师专,1
2404,南京航空学院教材科,1
2405,上海交通大学—巴黎高科卓越工程师学院,1
2406,中国计量学院计算机软件研究所,1
2407,华中师范大学教育信息技术学院,1
2408,山东工商学院,1
2409,上海公安高等专科学校办公室,1
2410,南京工业大学经济管理学院,1
2411,湖南大学文化素质教育基地,1
2412,高等教育出版社计算机编辑室,1
2413,中国人民银行教育司,1
2414,重庆大学高等教育研究所,1
2415,西南政法大学民商法学院,1
2416,重庆大学外语系，清华大学外语系，复旦大学外语系,1
2417,南京邮电大学教育科学与技术学院,1
2418,贵州师范大学地理系,1
2419,中国计量学院信息工程学院,1
2420,南京理工大学机械学院,1
2421,北京航空航天大学马克思主义学院,1
2422,盐城卫生学校,1
2423,上海对外经贸大学,1
2424,中国计量大学,1
2425,安徽农业大学,1
2426,东南大学生物医学工程系,1
2427,大连海事大学物理系物理实验教学中心,1
2428,中国音乐学院教务处,1
2429,武汉大学本科生院质量管理处,1
2430,黑龙江大学艺术学院基础理论部,1
2431,南京工程学院经济管理学院,1
2432,北京外国语大学党委,1
2433,海南大学旅游学院应用外语系,1
2434,南京工业大学信息科学与工程学院,1
2435,鲁东大学政治与行政学院,1
2436,暨南大学新闻与传播学院,1
2437,广东药学院教务处,1
2438,河南大学经济学院国际经济研究所,1
2439,武汉大学国学院,1
2440,燕山大学党委,1
2441,中央广播电视大学,1
2442,南开大学高等教育研究所,1
2443,贵州大学理学院数学系,1
2444,长沙理工大学,1
2445,南京大学计算机科学与技术系,1
2446,北京师范大学化学实验教学中心,1
2447,中南大学商学院,1
2448,集美大学体育学院,1
2449,西北工业大学教务处教研教材科,1
2450,北京大学对外汉语教育学院,1
2451,上海医疗器械专科学校,1
2452,中国计量学院,1
2453,辽宁省教育厅,1
2454,四川大学商学院,1
2455,南京大学新闻传播学院,1
2456,重庆大学外语学院,1
2457,徐州师范大学外国语学院,1
2458,广东肇庆学院公共艺术部,1
2459,南京大学金陵学院,1
2460,北京师范大学资源学院,1
2461,浙江海洋学院,1
2462,华南师范大学未来教育研究中心,1
2463,河南理工大学机械学院机设基础实验室,1
2464,浙江省教育厅高教处,1
2465,南京审计学院管理学院,1
2466,北京科技大学数理学院,1
2467,新乡医学院,1
2468,中国科学院数学研究所,1
2469,中央财经大学统计学院,1
2470,黑龙江工程学院基础课教研室,1
2471,湖州师范专科学校,1
2472,苏州大学教育科学研究院,1
2473,北京水利电力经济管理学院,1
2474,通化师范学院大学外语教学部,1
2475,南京工程学院教学质量管理办公室,1
2476,河北师范大学化学系无机教研室主任,1
2477,河北工业大学外国语学院,1
2478,广东培正学院,1
2479,中山大学数学系,1
2480,北京石油化工学院工程师学院,1
2481,西华大学人文学院,1
2482,延安大学计算机学院,1
2483,内蒙古煤炭工业学校,1
2484,晋中学院教务处,1
2485,汪淑哲,1
2486,河南财经政法大学,1
2487,西安交通大学法医学院,1
2488,西北工业大学外国语学院,1
2489,山西师范大学经济管理学院,1
2490,兰州理工大学文学院汉语言文学系,1
2491,哈尔滨工程大学,1
2492,广东商学院学生处就业指导中心,1
2493,山东大学(威海)法学院,1
2494,内蒙古大学物理科学与技术学院,1
2495,西南石油学院,1
2496,华南师范大学心理应用研究中心,1
2497,解放军理工大学工程兵工程学院,1
2498,中山大学国家大学生文化素质教育基地,1
2499,暨南大学外国语学院,1
2500,安庆师范学院教育学院,1
2501,中国计量大学机电工程学院实验中心,1
2502,西北工业大学电工实验教学中心,1
2503,华中科技大学学术委员会,1
2504,重庆文理学院外国语学院,1
2505,教育部高等学校化学类专业教学指导委员会,1
2506,南京师范大学数学科学学院,1
2507,泉州师范学院,1
2508,北京理工大学,1
2509,福州大学化学化工学院,1
2510,河南职业技术师范学院,1
2511,中国人民解放军陆军军官学院数学教研室,1
2512,陕西汉中师院学报编辑部,1
2513,东北师大,1
2514,中国石油大学(华东)地球科学与技术学院,1
2515,河海大学党委,1
2516,东华理工大学外国语学院,1
2517,东北财经大学教材科,1
2518,盐城师范学院社会学院,1
2519,吉林大学外语教学研究中心,1
2520,教材发展研究所,1
2521,哈尔滨工业大学市政环境工程学院环境系,1
2522,皖西学院法学院,1
2523,景德镇陶瓷学院毕业生就业指导服务中心,1
2524,贵州大学人文学院,1
2525,南京机电学校,1
2526,渤海大学课程与教学研究中心,1
2527,北京联合大学信息学院,1
2528,西华师范大学外国语学院,1
2529,天津教育学院,1
2530,电子科技大学数学科学学院党委,1
2531,高等教育出版社电子编辑室,1
2532,高等专科英语课程教材编审组,1
2533,温州大学(筹)教务处,1
2534,西北农林科技大学创新实验学院,1
2535,浙江大学哲学系,1
2536,南京大学匡亚明学院,1
2537,济南师专,1
2538,锦州市教育学院,1
2539,四川大学经济学院,1
2540,南开大学周恩来政府管理学院,1
2541,清华大学工程训练中心,1
2542,临沂大学外国语学院,1
2543,湖南大学力学与航空航天学院,1
2544,北京大学信息技术学院计算机实验教学中心,1
2545,绍兴文理学院学科建设处,1
2546,浙江大学计算机科学与技术学院计算机基础教学与继续教育中心,1
2547,凤凰出版传媒集团江苏电子音像出版社,1
2548,浙江大学宁波理工学院,1
2549,北京大学教务部评估办公室,1
2550,南京财经大学经济学院经济学系,1
2551,西南大学汉语言文献研究所,1
2552,中国特色社会主义经济建设协同创新中心,1
2553,复旦大学外语学院,1
2554,吉林艺术学院教务处,1
2555,首都体育学院国际教育学院,1
2556,中国矿业大学资源与地球科学学院,1
2557,西安交通大学中文系,1
2558,南开大学历史学院,1
2559,长沙理工大学数学与计算科学学院,1
2560,浙江湖州师专,1
2561,上海建材学院,1
2562,大连水产学院,1
2563,西藏大学理学院数学系,1
2564,石油物探学校,1
2565,常州工学院教育学院,1
2566,安庆师范学院外国语学院,1
2567,上海理工大学管理学院,1
2568,厦门大学法学院,1
2569,新疆大学社会科学部,1
2570,江苏省教育厅高等教育处,1
2571,天津大学理学院化学系,1
2572,东南大学经济管理学院物流管理工程系,1
2573,南方冶金学院制图教研室,1
2574,福建电子工业学校,1
2575,湖北荆州师专,1
2576,南昌大学,1
2577,常州轻工业学校,1
2578,东北财经大学内部控制与风险管理研究中心,1
2579,北京大学社会科学部,1
2580,中国农业大学人文与发展学院媒体传播系,1
2581,南京森林公安高等专科学校,1
2582,南京工业大学信息科学与工程学院计算机科学与技术系,1
2583,东南大学儿童发展和学习科学教育部重点实验室,1
2584,武汉大学教务部评估与质量管理办公室,1
2585,上海交通大学生命科学技术学院实验教学中心,1
2586,武汉工程大学党委,1
2587,高等教育出版社高等理工中心数学分社,1
2588,复旦大学图书馆,1
2589,南开大学经济学院,1
2590,国家教委高教司综合处,1
2591,中国地质大学力学教研室,1
2592,湖南师范大学物理系,1
2593,华南理工大学数学科学学院,1
2594,中国计量学院计量测试工程学院,1
2595,天津大学环境科学与工程学院环境工程系,1
2596,河南焦作教育学院,1
2597,上海城建学院,1
2598,机械电子工业部教材办公室,1
2599,中国工程院!院士,1
2600,长沙理工大学计算机与通信工程学院,1
2601,北京科技大学外国语学院英语系,1
2602,复旦大学核科学与技术系,1
2603,解放军理工大学,1
2604,同济大学教务处,1
2605,吉林大学交通学院系,1
2606,哈尔滨工人业余大学,1
2607,常州工学院教学指导评估中心,1
2608,北京工业大学,1
2609,黑龙江水利专科学校,1
2610,武汉科技大学机械自动化系,1
2611,中国人民大学考古文博系,1
2612,淮海工学院教务处,1
2613,北京工商大学,1
2614,河北经贸大学人文学院,1
2615,甘肃省广播电视大学,1
2616,北京印刷学院,1
2617,淮海工学院教务处,1
2618,北京理工大学教务处副处长,1
2619,南京理工大学外国语学院,1
2620,中国电视师范学院,1
2621,南京大学历史系,1
2622,吉首大学教务处,1
2623,大连理工大学化工学院化学系,1
2624,安徽大学教务处,1
2625,广东金融学院劳动经济与人力资源管理系,1
2626,成都电子机械高等专科学校,1
2627,辽宁工程技术大学高教研究所,1
2628,洛阳农业高等专科学校,1
2629,中国海洋大学高教研究与评估中心、教学支持中心,1
2630,中国石油大学(北京)研究生院管理办公室,1
2631,蚌埠坦克学院机械室,1
2632,哈尔滨船院,1
2633,浙江科技学院教务处教务科,1
2634,中北大学机械工程与自动化学院工业设计系图学教研室,1
2635,上海商学院,1
2636,浙江纺织工业学校,1
2637,桂林医专,1
2638,上海理工大学出版印刷与艺术设计学院,1
2639,燕山大学文法学院,1
2640,哈尔滨建筑大学,1
2641,北京航空航天大学材料学院,1
2642,上海对外贸易学院国际经贸学院,1
2643,北京印刷学院,1
2644,盐城工学院基础教学部,1
2645,上海交通大学巴黎高科工程师学院,1
2646,中央财经大学经济学院政治经济学系,1
2647,江苏省教委高校教学处,1
2648,天津冶金机电学校,1
2649,温州医科大学高等教育研究所,1
2650,上海交通大学物理学院,1
2651,北京信息科技大学,1
2652,四川重庆大学工程力学系,1
2653,江西教育学院,1
2654,湖北汽车工业学院,1
2655,北京航空航天大学人文学院艺术教育中心,1
2656,国家教委高教司外语处,1
2657,北京师范大学教育学部教师教育研究所,1
2658,湖州师范学院教务处,1
2659,石家庄师范专科学校,1
2660,清华大学，北京航空航天大学，国家教委高教司,1
2661,华中理工大学汉口分校,1
2662,高等教育出版社数学编辑室,1
2663,长沙铁道学院力学系材料力学教研室,1
2664,北京科技大学文法学院,1
2665,浙江省地矿厅,1
2666,北京林业大学马克思主义学院,1
2667,吉林化工学院,1
2668,北京信息学院ＣＡＩ课题组,1
2669,复旦大学中国语言文学研究所,1
2670,华中师范大学化学学院无机教研室,1
2671,吉林省白城师专,1
2672,北京建筑工程学院人文社会科学系,1
2673,云南财贸学院,1
2674,湖北省黄岗工业学校教学教研组,1
2675,淮海大学,1
2676,太原理工大学机械工程学院,1
2677,浙江师范大学,1
2678,江苏科技大学机械工程学院,1
2679,湖南省粮食学校,1
2680,解放军通信工程学院,1
2681,闽南师范大学教师教育学院,1
2682,东北财经大学法学院,1
2683,福建省教育学院,1
2684,太原师范学院生物系,1
2685,福州市工人业大,1
2686,晋东南师专,1
2687,清华大学热能工程系,1
2688,西北大学城市与环境学院,1
2689,国家教委社科司文科处,1
2690,南京邮电大学社会科学系,1
2691,华东工学院教材科,1
2692,中国科学院地理研究所,1
2693,山西省教育厅,1
2694,成都信息工程大学计算机学院计算机应用教研室,1
2695,西南交通大学本科教学工作委员会,1
2696,北京交通大学法学院,1
2697,西安石油大学化学化工学院,1
2698,中国科学院，浙江大学,1
2699,北京信息科技大学教务处,1
2700,首都经济贸易大学会计学院,1
2701,中南大学土木工程学院,1
2702,北京化工大学教务处教务科,1
2703,牡丹江师范学院,1
2704,浙江大学教务处教材科,1
2705,青岛医学院,1
2706,华中科技大学物理学院,1
2707,徐州工程学院教务处,1
2708,深圳大学计算机与软件学院计算机科学与技术系,1
2709,中国海洋大学青岛学院教务处,1
2710,长沙电力学院,1
2711,湖南师范大学历史文化学院,1
2712,长安大学,1
2713,中国科学技术大学信息学院计算机系,1
2714,浙江大学!教授,1
2715,广东省教育厅,1
2716,全国理科教学指导委员会,1
2717,国家教育委员会师范教育司,1
2718,武汉大学新闻与传播学院,1
2719,集美大学文学院,1
2720,清华大学生物科学与技术系,1
2721,河南教育学院文学院,1
2722,唐山师范学院,1
2723,广东海洋大学法学院,1
2724,浙江大学教材中心,1
2725,贵州财经学院高等教育研究与评估中心,1
2726,中国农业大学,1
2727,河南省教育厅毕业生就业指导中心,1
2728,全国高等学校计算机教育研究会,1
2729,财政部,1
2730,首都师范大学心理学系,1
2731,安徽工学院,1
2732,深圳职业技术学院党委办公室,1
2733,复旦大学物理学系,1
2734,河套大学汉语言文学系,1
2735,南方村镇建设学校,1
2736,暨南大学法学院,1
2737,华南理工大学电子与信息学院,1
2738,北京市朝阳区职工大学,1
2739,江西萍乡教育学院,1
2740,湖南大学党委,1
2741,北京科技大学管庄校区,1
2742,浙江万里学院生物与环境学院生物科学系,1
2743,山东工商学院会计学院,1
2744,同济大学交通运输工程学院,1
2745,北京语言大学汉语学院,1
2746,镇江船舶学院,1
2747,大连理工大学化工学院化学系无机化学教研室,1
2748,四川农业大学教务处教材科,1
2749,教育部高等学校化工类专业教学指导委员会,1
2750,教育部社会科学研究与思想政治工作司,1
2751,西安工程大学研究生部,1
2752,淮北师范大学外国语学院,1
2753,成都信息工程学院计算机学院,1
2754,中国政法大学国际法学院,1
2755,西北工业大学学生注册中心,1
2756,湖北第二师范学院,1
2757,长沙大学计算机科学与技术系,1
2758,复旦大学哲学系,1
2759,河海大学公共管理学院政治系,1
2760,马里兰大学,1
2761,西安交通大学航天学院力学示范中心,1
2762,吉林大学商学院,1
2763,上海财经大学中文系,1
2764,中央财经大学发展规划处,1
2765,高等学校化学教育研究中心,1
2766,北京航空航天大学公共管理学院,1
2767,华东理工大学化学与分子工程学院物理化学教研室,1
2768,浙江金融职业学院工商管理学院,1
2769,中南大学能源科学与工程学院,1
2770,南京大学教师教学发展中心,1
2771,北京交通大学经济管理学院会计系,1
2772,广东工学院,1
2773,乐山师范学院中文系,1
2774,福建机电学校,1
2775,北京航空航天大学法学院,1
2776,同济大学化学系,1
2777,北京大学生命科学院学术委员会,1
2778,重庆大学教务处实践教学科,1
2779,广州城市职业学院高等职业教育研究所(社区教育研究中心),1
2780,湖南省机械工业学校力学教研室,1
2781,渤海大学,1
2782,延安大学教务处,1
2783,江南大学教育学院,1
2784,绍兴文理学院化学系,1
2785,中国驻澳大利亚大使馆教育组,1
2786,河北师范大学研究生院,1
2787,洛阳工业高等专科学校,1
2788,西安交通大学材料科学与工程学院,1
2789,北京师范大学教育学院国际与比较教育研究所,1
2790,山西大同大学文史学院,1
2791,北京大学教务部,1
2792,北京农业机械化学院,1
2793,吉林工程技术师范学院机械工程学院,1
2794,浙江财经大学会计学院,1
2795,桂林电子科技大学教务处,1
2796,南昌大学理学院数学系,1
2797,高等教育出版社高等理工出版中心电子电气分社,1
2798,浙江树人大学城建学院,1
2799,哈尔滨工业大学能源科学与工程学院,1
2800,浙江科技学院社科部,1
2801,复旦大学外文学院党委,1
2802,南京师范大学商学院,1
2803,华中科技大学IBM技术中心,1
2804,湖南师范大学教育科学学院,1
2805,[英],1
2806,南京大学数学系,1
2807,陕西机械学院半导体物理与器件室,1
2808,扬州大学文学院,1
2809,河海大学,1
2810,山西大学商务学院数学电子系,1
2811,北京林业大学生物科学与技术学院,1
2812,吉林师范大学,1
2813,上海交通大学国家工科基础课程电工电子教学基地,1
2814,四川建筑材料工业学院,1
2815,南京航务工程专科学校,1
2816,浙江大学文学院,1
2817,南京大学政府管理学院,1
2818,湖北经济学院艺术与传播系,1
2819,湖南省第一师范专科学校,1
2820,贵州大学机械工程学院,1
2821,上海交通大学化学化工学院,1
2822,扬州大学机械工程学院党委,1
2823,北京交通大学教务处教研科,1
2824,长沙电力学校,1
2825,内蒙古工学院,1
2826,福建师范大学教育学院,1
2827,北京科技大学材料力学教研室,1
2828,佛山大学,1
2829,清华大学信息学院,1
2830,江西省万年师范学校,1
2831,安徽财贸学院,1
2832,山西大学师范学院教育系,1
2833,浙江大学物理系,1
2834,安徽工业大学高等教育研究所,1
2835,南开大学生命科学学院,1
2836,北京计算机学院,1
2837,佛山市农业机械学校,1
2838,西北纺织学院,1
2839,西南交通大学教务处,1
2840,河南工业大学机电工程学院,1
2841,上海财经大学信息系,1
2842,南京审计学院国际审计学院,1
2843,北京农学院,1
2844,南京农业大学教师发展中心,1
2845,中南民族大学,1
2846,黑龙江省教育学院,1
2847,九江医学专科学校,1
2848,海淀走读大学副校长,1
2849,西北师范大学国际文化交流学院,1
2850,南京财经大学贸易经济系,1
2851,湖北大学化学化工学院,1
2852,河北师范大学资源与环境科学学院,1
2853,西北大学公共管理学院,1
2854,广东东莞理工学院工商管理系,1
2855,上海师范大学外国语学院,1
2856,福建工程学院土木工程系系,1
2857,天津师范大学新闻传播学院,1
2858,山东大学生命科学学院,1
2859,中南民族大学法学院,1
2860,华东理工大学生物学系,1
2861,西北师院,1
2862,山东大学国际教育学院,1
2863,浙江大学光电科学与工程学院,1
2864,广西师范大学,1
2865,中国政法大学商法研究所,1
2866,天津工业大学工程教学实习训练中心,1
2867,教育部高校服装设计与工程专业教学指导委员会,1
2868,淮北煤炭师范学院教务处质量管理科,1
2869,华南理工大学旅游与酒店管理学院,1
2870,北京工业大学就业创业指导中心,1
2871,陕西省榆林高等专科学校教研室,1
2872,南京工业大学制药与生命科学学院,1
2873,上海外国语大学国际文化交流学院,1
2874,同济大学材料科学与工程学院,1
2875,西南交通大学峨嵋校区,1
2876,合肥学院数学与物理系,1
2877,中南财经政法大学法学院,1
2878,东北师范大学化学系,1
2879,中南林业科技大学评估建设处,1
2880,扬州工业专科学校,1
2881,浙江大学机械与工程学院,1
2882,湖南工业大学,1
2883,华中师范大学化学教育研究所,1
2884,复旦大学国际金融系,1
2885,中国石油大学,1
2886,中国计量学院教务处,1
2887,三江学院,1
2888,哈尔滨商业大学教务处,1
2889,浙江金融职业学院经营管理系,1
2890,江苏省审计信息工程重点建设实验室(南京审计学院),1
2891,丽水学院科研处,1
2892,南京师范大学国际文化教育学院,1
2893,浙江师范大学经济管理学院,1
2894,盐城工业专科学校物理教研室,1
2895,常州大学怀德学院党委,1
2896,北京工业大学经济与管理学院党委,1
2897,南开大学外国语学院公共英语教学部,1
2898,暨南大学社会科学部,1
2899,吉林工业大学外语部,1
2900,焦作工学院,1
2901,高等教育出版社技术编辑室,1
2902,华南师范大学物理与电信工程学院,1
2903,丽水学院民族学院,1
2904,高等教育出版社技术教育编辑室,1
2905,中国科学技术大学研究生院,1
2906,河西学院,1
2907,武汉大学留学生教育学院汉语基础部,1
2908,西安交通大学日语教研室,1
2909,云南大学高等教育研究院,1
2910,北京科技大学信息工程学院,1
2911,山东大学外国语学院,1
2912,四川理工学院外文系,1
2913,中国农业大学资源与环境学院,1
2914,南开大学公共计算机基础教学部,1
2915,南京理工大学机械工程学院,1
2916,武汉工学院黄石分院,1
2917,新疆大学教授务处考试中心,1
2918,山东工商学院工商管理学院,1
2919,上海科技高等专科学校校长,1
2920,教育部高等学校交通运输类专业教学指导委员会,1
2921,湘潭大学教务处教研科,1
2922,华南理工大学党委办公室,1
2923,高等教育出版社机械室,1
2924,湖南师范大学教学督导委员会,1
2925,石家庄铁道学院教材科,1
2926,贵阳医学院,1
2927,南京机械高等专科学校,1
2928,天津师范大学现代教育技术研究所,1
2929,哈尔滨工业大学(威海)计算机学院,1
2930,辽宁大学法学院,1
2931,西北农林科技大学农学院,1
2932,长沙学院旅游管理系,1
2933,北京科技大学数理学院应用数学系,1
2934,合肥学院外语系德语教研室,1
2935,张掖师专,1
2936,广东医药学院数学教研室,1
2937,江西师大,1
2938,湖南省邵阳工业专科学校力学教研室,1
2939,重庆科技学院外语系,1
2940,美国卡内基-梅隆大学计算机科学与心理学,1
2941,广西民族大学民族预科教育学院,1
2942,浙江大学本科生院教务处,1
2943,河南师范大学化学与环境科学学院,1
2944,西安理工大学机械与精密仪器工程学院,1
2945,福建师范大学中文系,1
2946,中国驻纽约总领馆教育组,1
2947,北京科技大学材料科学与工程学院,1
2948,南开大学数学系,1
2949,韶关大学,1
2950,青岛纺校,1
2951,大学化学课程教学指导委员会,1
2952,巢湖高等师范专科学校,1
2953,山东教育学院,1
2954,北京科技大学教务处,1
2955,广东省湛江市雷州师专物理系,1
2956,湖南文理学院大学英语研究所,1
2957,北京财贸职业学院,1
2958,佳木斯大学,1
2959,山西师范大学教师教育学院,1
2960,东北工学院高教科研所,1
2961,湖南邵阳师专物理系,1
2962,中国科学院，华中理工大学,1
2963,北京交通大学实验室与设备管理处,1
2964,国家教委会高教一司,1
2965,天津师范大学教育技术研究所,1
2966,原长沙铁道学院,1
2967,北京大学化学系,1
2968,重庆建筑工程学院,1
2969,攀枝花学院教务处,1
2970,上海外国语大学西方语系,1
2971,湖南机电学校,1
2972,淮北煤炭师范学院,1
2973,冶金工业部,1
2974,南京师范大学会计与财务管理系,1
2975,洛阳理工学院现代教育技术中心,1
2976,美国南加州大学马歇尔商学院,1
2977,湘潭大学文学与新闻学院,1
2978,温州大学数学与信息科学学院办公室,1
2979,扬州大学党委,1
2980,第二军医大学,1
2981,大连海洋大学,1
2982,上海交通大学物理与天文学院,1
2983,厦门大学!校长,1
2984,高等学校经济学教学指导委员会秘书处,1
2985,高等教育出版社大学文化研究与发展中心,1
2986,深圳职业技术学院,1
2987,中国人民大学教师教学发展中心,1
2988,杭州大学物理系,1
2989,大连理工大学教师教学发展中心,1
2990,东南大学动力工程系,1
2991,中国金融学院,1
2992,黑龙江大学政府管理学院,1
2993,广东外语外贸大学外国语言及应用语言研究中心,1
2994,天津广播电视大学,1
2995,大连轻工业学院,1
2996,海军电子工程学院,1
2997,绍兴文理学院教务处高教研究所,1
2998,福建师范大学地理科学学院办公室,1
2999,晋中学院教育科学与技术学院,1
3000,襄樊职业技术学院信息技术系,1
3001,数学类专业教学指导委员会,1
3002,广州大学法学院,1
3003,云南农业大学,1
3004,广东商学院教务处,1
3005,江苏省运河航运公司,1
3006,南京政治学院,1
3007,北京大学生物学系,1
3008,中国人民大学外语学院,1
3009,吉林大学哲学基础理论研究中心,1
3010,武汉大学国家级电工电子实验教学示范中心,1
3011,西藏民族学院教育学院,1
3012,太原铁路机械学校,1
3013,四川理工学院,1
3014,环境科学与工程类专业教学指导委员会,1
3015,北京邮电大学经济管理学院电子商务中心,1
3016,北京大学心理与认知科学学院,1
3017,上海交通大学生命科学技术学院,1
3018,北京农业工程大学,1
3019,上海交通大学船建学院工程力学系,1
3020,福建省教育厅,1
3021,中央财经大学经济数学教研室,1
3022,北京航空航天大学航空科学与工程学院动力学与控制系,1
3023,哈尔滨工业大学理学院化学系,1
3024,北京教育科学研究院高教所,1
3025,吉林大学环境与资源学院环境工程系,1
3026,山西煤炭工业学校,1
3027,西安交通大学数学系,1
3028,长春地质学院电子仪器系,1
3029,沈阳电力高等专科学校,1
3030,北京印刷学院外语部,1
3031,沈阳师范大学教师专业发展学院,1
3032,四川大学生命科学学院,1
3033,浙江科技学院中文系,1
3034,厦门大学嘉庚学院信息科学与技术学院,1
3035,吉林大学国家级化学实验教学示范中心,1
3036,嘉兴学院应用技术学院,1
3037,保山学院教务处,1
3038,厦门大学金融系,1
3039,广东省商业学校,1
3040,丽水学院党委,1
3041,北京体育大学教务处,1
3042,南京审计大学高教研究所,1
3043,华中师范大学社会学系,1
3044,上海电机制造技术专科学校,1
3045,南京师范大学法学院,1
3046,江西财经大学现代经济管理学院,1
3047,兰州大学循证医学中心,1
3048,南京农业大学人文与社会科学学院法律系,1
3049,浙江机电职业技术学院高教所,1
3050,中山大学外国语学院,1
3051,广西大学数学系,1
3052,中山大学教务处,1
3053,新西兰奥克兰大学教育学院,1
3054,渝西学院,1
3055,浙江万里学院教务部,1
3056,复旦大学环境科学与工程系,1
3057,中南工业大学数力系,1
3058,常州工学院教务处文化艺术与素质教育中心,1
3059,美国俄亥俄州瑞欧戈兰大学评估办公室,1
3060,新疆师范大学教育科学学院,1
3061,青岛大学教务处,1
3062,中国人民大学信息学院数学公共课教研室,1
3063,贵州农学院,1
3064,河南农业大学外国语学院,1
3065,北京师范大学物理学,1
3066,南开大学物理科学学院,1
3067,中北大学现代教育技术与信息中心,1
3068,河北师范大学生命科学学院生物教育研究室,1
3069,石家庄军械工程学院政教部,1
3070,西藏大学数学系,1
3071,黑龙江大学西语学院英语系,1
3072,本溪钢铁职工学院,1
3073,湖南大学机械与汽车工程学院现代设计系支部,1
3074,中国法学会,1
3075,浙江大学校友联络办公室,1
3076,浙江师范大学高教所,1
3077,齐齐哈尔高等师范专科学校,1
3078,清华大学软件工程与管理研究所,1
3079,湖南工程学院高教研究与教学评估中心,1
3080,成都理工学院,1
3081,清华大学经济管理学院,1
3082,北京交通大学国家工科基础课程电工电子教学基地,1
3083,上海外国语大学传媒学院,1
3084,哈尔滨船舶工程学院(哈尔滨工程大学前身),1
3085,长沙学院电子与通信工程系,1
3086,西安理工大学计算机学院网络工程系,1
3087,暨南大学珠海学院教学科研处,1
3088,西南科技大学法学院,1
3089,中山大学地球与环境科学学院,1
3090,国家教委高教司，北京大学生命科学学院,1
3091,哈尔滨师范大学,1
3092,泰山学院,1
3093,太原师范学院基础部,1
3094,北京实用美术职业学校,1
3095,浙江工商大学法学院,1
3096,上海纺织工业专科学校,1
3097,大连理工大学电气工程学院,1
3098,空军第二航空技术专科学校,1
3099,合肥工业大学管理学院,1
3100,国务院学位委员会法学学科评议组,1
3101,复旦大学外国语言文学学院党委,1
3102,甘肃省永昌县第一中学,1
3103,南开大学化学院,1
3104,华南农业大学人文与法学学院,1
3105,西南财经大学党委,1
3106,中国政法大学法律史学研究院,1
3107,福州大学化学学院,1
3108,中国地质大学,1
3109,北京联合大学管理学院,1
3110,闽南师范大学外国语学院,1
3111,苏联科学院,1
3112,浙江理工大学,1
3113,汉中师院,1
3114,河北大学药学院,1
3115,北京建筑工程学院理学院,1
3116,浙江师范大学法政学院,1
3117,浙江湖州师范学院文学院,1
3118,北京大学教师教学发展中心,1
3119,上海大学继续教育学院,1
3120,佳木斯大学经济管理学院,1
3121,武汉市司法干校,1
3122,日照职业技术学院外文系,1
3123,华中农业大学生物化学与分子生物学院,1
3124,南京农业大学动物医学院,1
3125,海军航空工程学院,1
3126,河北工程大学信息与电气工程学院,1
3127,北京石油化工学院经济管理学院,1
3128,湖北文理学院文学院,1
3129,东南大学仪器科学与工程学院,1
3130,中央广播电视大学艺术教研室,1
3131,南京财经大学财税学院,1
3132,东北师范大学教育学部,1
3133,清华大学现代应用物理系基础物理教研室,1
3134,合肥联合大学,1
3135,绵阳师范学院教务处,1
3136,南京晓庄学院,1
3137,哈尔滨机电专科学校,1
3138,西南大学评估办,1
3139,吉林化工学校教材,1
3140,东北师范大学生命科学学院,1
3141,上海交通大学环境科学与工程学院,1
3142,首都经济贸易大学,1
3143,北京大学数学科学学院金融数学系,1
3144,安徽工程大学艺术学院,1
3145,沈阳师范大学法律与公共政策研究中心,1
3146,湖北大学哲学学院,1
3147,北京航空航天大学,1
3148,肇庆学院教务处,1
3149,九江学院,1
3150,山东大学教务处,1
3151,上海外国语大学高翻学院,1
3152,甘肃省委党校文史教研部,1
3153,广州大学环境科学与工程学院,1
3154,北京航空航天大学物理学院,1
3155,湖南大学高等教育研究所,1
3156,陕西师范大学生物系,1
3157,山东农业大学教务处,1
3158,杭州电子科技大学外国语学院,1
3159,西安交通大学理学院大学物理教学实验中心,1
3160,国家教育发展研究中心高等教育研究室,1
3161,沈阳师范大学文学院,1
3162,天津大学电气与自动化工程学院,1
3163,株州铁路电机学校,1
3164,西安交通大学工程热物理研究所,1
3165,石家庄职业技术学院,1
3166,山西农业大学高等教育研究室,1
3167,吉林农业大学教师教学发展中心,1
3168,四川师范大学物理系,1
3169,宁波大学高教研究室,1
3170,"台湾""中央研究院""",1
3171,江西中医学院教务处,1
3172,浙江教育学院地理室,1
3173,全国政协!副主席,1
3174,兰州交通大学,1
3175,合肥师范学院外语系,1
3176,湖南大众传媒学院,1
3177,九江职业技术学院,1
3178,清华大学航天航空学院航空宇航工程系,1
3179,山西省晋城市教育学院,1
3180,广西右江民族师专,1
3181,北京总工会职大,1
3182,温州大学服装学院,1
3183,浙江海洋学院东海科学技术学院,1
3184,景德镇高等专科学校,1
3185,哈尔滨工业大学能源科学与工程学院能源与环境工程中心,1
3186,哈尔滨工业大学化学系,1
3187,中南财经政法大学教务部,1
3188,四川大学!校长,1
3189,云南师范大学旅游与地理科学学院,1
3190,中国政法大学商学院国际商务教研室,1
3191,高等教育出版社电工编辑室主在,1
3192,北京师范大学教育学部教育技术学院,1
3193,宁波大学国际交流学院,1
3194,成都地质学院,1
3195,陕西渭南师专,1
3196,广西大学高等教育研究所,1
3197,仲恺农业工程学院教务处,1
3198,西安建筑科技大学,1
3199,四川大学分析化学教研室,1
3200,北京语言大学学生就业指导中心,1
3201,海淀走读大学,1
3202,浙江丽水学院,1
3203,中国矿业大学教材科,1
3204,漳州师范学院教育科学研究所,1
3205,南京师范大学金陵女子学院,1
3206,华北电力大学研究生院,1
3207,华南农业大学人文与法学学院中文系,1
3208,燕山大学教务处,1
3209,同济大学计算机系,1
3210,西南农业大学,1
3211,中央财经大学科研处,1
3212,清华大学环境工程系,1
3213,北京化工大学高等教育研究所,1
3214,南昌大学党委,1
3215,武汉大学信息管理学院,1
3216,浙江师范大学行知学院,1
3217,南京大学党委,1
3218,北京第二外国语学院法政学院,1
3219,南京航空航天大学力学教学实验中心,1
3220,四川农业大学语言学院,1
3221,厦门大学化学化工学院化学系,1
3222,重庆大学教务处素质教育办公室,1
3223,海军工程大学,1
3224,淮南师范学院中文与传媒系,1
3225,华中师范大学心理学院,1
3226,口腔医学类专业教学指导委员会,1
3227,河海大学教务处,1
3228,长沙学院工商管理系,1
3229,集美航海学院物理教研室,1
3230,华东师范大学外语学院,1
3231,江南大学高等教育研究室,1
3232,郑州铁路职业技术学院,1
3233,温州医学院外国语学院,1
3234,西北大学地质系,1
3235,广西师范大学公共计算机教学部,1
3236,北京工业大学计算机系统结构系,1
3237,上海交通大学工程训练中心,1
3238,佳木斯大学材料科学与工程学院,1
3239,西安交通大学航天航空学院力学示范中心,1
3240,南京大学教务处,1
3241,山东理工大学,1
3242,浙江科技学院生物与化学工程学院,1
3243,北京师范大学教育学部国际与比较教育研究院,1
3244,中南大学地质资源系,1
3245,青岛科技大学信息科学技术学院,1
3246,克山师范专科学校,1
3247,大连理工大学机械工程学院模具研究所,1
3248,南京审计学院科研处,1
3249,北京航空航天大学材力教研室,1
3250,煤炭部教育司,1
3251,燕山大学文法学院行政管理学系,1
3252,宁波工程学院建筑与装饰教学部,1
3253,华中科技大学新闻与信息传播学院,1
3254,湖南工程学院党政办公室,1
3255,苏州大学工学院,1
3256,四川电力职业技术学院,1
3257,吉林大学党委,1
3258,安徽商贸职业学院经济贸易系,1
3259,南京工程学院经济与管理学院,1
3260,南开大学外国教材中心,1
3261,广西南宁民族学院,1
3262,全国高等学校教学研究中心办公室,1
3263,番禺理工学院,1
3264,东南大学交通学院,1
3265,宜昌市教育学院,1
3266,厦门大学教育学院,1
3267,辽宁省国际信托投资公司计算中心,1
3268,杭州职业技术学院,1
3269,中国矿业大学,1
3270,吉林农业大学,1
3271,山东大学哲学与社会发展学院,1
3272,江苏护理职业学院,1
3273,哈尔滨工业大学教务处,1
3274,兰州大学,1
3275,长沙学院国际交流合作处,1
3276,厦门大学中外合作办学研究中心,1
3277,黑龙江农垦师专,1
3278,天津大学继续教育学院,1
3279,中国人民大学党委,1
3280,陕西工业职业技术学院高等职业技术教育研究所,1
3281,邢台学院,1
3282,南京审计学院公共经济学院,1
3283,北京理工大学工程训练中心,1
3284,华中科技大学数学系,1
3285,中南工业大学工程力学教研室,1
3286,江苏师范大学连云港校区高教研究所,1
3287,上海师范大学哲学与法政学院,1
3288,湖南财政经济学院(筹)基础课部,1
3289,机械工业部教材编辑室,1
3290,西北工业大学党委组织部,1
3291,北京经济学院应用数学教研室,1
3292,山东师范大学文学院,1
3293,内蒙古大学教务处基地建设与教学评估办公室,1
3294,湖南吉首民族师范,1
3295,山东大学大学外语教学部,1
3296,北京第二外国语学院经贸与会展学院,1
3297,天津财经大学人文学院外语系,1
3298,南京航空航天大学机电学院,1
3299,西安交通大学机械工程学院,1
3300,清华大学精密仪器与机械学系设计工程研究所,1
3301,山西吕梁高等专科学校,1
3302,合肥学院教育系,1
3303,首都经贸大学会计学院,1
3304,西南石油大学教务处教学质量管理科,1
3305,中国人民大学历史系,1
3306,山西师范大学文学院,1
3307,河南大学教育科学学院,1
3308,北京邮电大学电子工程学院信号、电路与系统教研中心,1
3309,河南工业大学机械工程实验教学中心,1
3310,安徽大学文学院,1
3311,北京师范大学现代教育技术研究所,1
3312,北京工业大学第一分校,1
3313,浙江大学生命科学学院生物技术系,1
3314,上海教育科学研究院,1
3315,清华大学电机工程与应用电子技术系,1
3316,复旦大学外语系,1
3317,广东韩山师专,1
3318,北京大学元培学院,1
3319,广州市二轻职工大学,1
3320,福建江夏学院,1
3321,上海市教育委员会,1
3322,上海师范大学商学院,1
3323,武汉科技学院,1
3324,南京空军气象学院,1
3325,武夷学院,1
3326,中国政法大学比较法学研究院欧盟法研究所,1
3327,北京理工大学软件学院数字媒体系,1
3328,湖州师范学院历史系,1
3329,北京物资学院,1
3330,全国人大!副委员长,1
3331,石油大学数学教研室,1
3332,河南大学历史文化学院,1
3333,上海海洋大学外国语学院大学英语教学部,1
3334,四川大学市场经济法治研究所,1
3335,苏州大学外国语学院,1
3336,山西大学教育科学学院,1
3337,湖南大学环境科学与工程学院环境工程系,1
3338,中国矿业大学经贸学院,1
3339,江西财经大学外国语学院,1
3340,东莞理工学院继续教育学院,1
3341,西南交通大学教务处,1
3342,同济大学环境科学与工程实验教学中心,1
3343,上海交通大学教务处,1
3344,解放军外国语学院英语系,1
3345,三江学院机械与电气工程学院基础教学部,1
3346,高等教育出版社编辑加工部,1
3347,上海师范大学金融学院,1
3348,西安工业大学,1
3349,四川外语学院,1
3350,首都经济贸易大学金融学院,1
3351,厦门大学软件学院实验中心,1
3352,上海交通大学机械与动力工程学院本科教务办,1
3353,江苏省淮阴商业学校,1
3354,延边大学师范学院,1
3355,湖北省郧阳地区农业学校校办,1
3356,洛阳建材工业专科学校,1
3357,淮北师范大学课程与教学研究中心,1
3358,大连外国语大学德语系,1
3359,北京第二外国语学院国际传播学院,1
3360,武汉纺织大学理学院,1
3361,中国计量学院数学系,1
3362,天津医科大学,1
3363,扬州工学院基础部,1
3364,南京交通职业技术学院教学督导室,1
3365,东南大学计算机科学与工程系,1
3366,黑龙江大学马克思主义学院,1
3367,滨州学院物理系,1
3368,江苏警官学院,1
3369,高等学校经济学类教学指导委员会金融与保险学科组,1
3370,厦门大学,1
3371,南京航空航天大学经济与管理学院,1
3372,吉林农业科技学院体育部,1
3373,中国劳动关系学院,1
3374,中国人民大学高等教育研究室,1
3375,教育部高等学校图书馆学学科教学指导委员会,1
3376,湖南电气职业技术学院,1
3377,宝鸡大学,1
3378,番禺职业技术学院现代教育计算中心,1
3379,浙江工业大学机械工程学院,1
3380,中国政法大学外国语学院,1
3381,武汉工程大学,1
3382,成都理工大学环境与土木工程学院,1
3383,大连理工大学机械工程系,1
3384,桂林医学院物理教研室,1
3385,南京中医药大学外国语学院,1
3386,中国艺术研究院,1
3387,美国伍斯特理工学院(WPI)机械系,1
3388,宁波大学明阳学院,1
3389,河南司法警官职业学院,1
3390,东北农业大学,1
3391,中国地质大学(武汉)工程学院,1
3392,重庆大学人文艺术学院工业设计系,1
3393,北京青年政治学院,1
3394,西昌师范专科学校体育系,1
3395,渭南师范学院人文学院,1
3396,北京师大,1
3397,扬州大学机械工程学院,1
3398,上海高等机械专科学校机械系,1
3399,中国政法大学人文学院,1
3400,宁波职业技术学院教务处,1
3401,南京工业大学高教研究与评估所,1
3402,西安电子科技大学电工电子实验教学示范中心,1
3403,华中师范大学中国近代史研究所,1
3404,清华大学，国家教委高教司教材处,1
3405,黑龙江税务学校,1
3406,福建建筑工程专科学校,1
3407,湖南理工学院社科部党总支,1
3408,湖北大学,1
3409,浙江大学信息学部,1
3410,湖南郴州教师进修学院,1
3411,北京师范大学心理学院,1
3412,山东农业大学文法学院,1
3413,中央财经大学商学院市场营销系,1
3414,四川大学华西公共卫生学院食品安全监测与风险评估四川省重点实验室,1
3415,首都师范大学教务处,1
3416,北京工业大学研究生院,1
3417,山东大学外语教学部,1
3418,河南商丘职业技术学院,1
3419,北京大学生命学院教学实验中心,1
3420,东北水利水电专科学校电子教研室,1
3421,北京化工大学文法学院,1
3422,东南大学教务处处长,1
3423,北京师范大学社会学院人类学民俗学系,1
3424,浙江大学国家力学实验教学示范中心,1
3425,武汉职业技术学院,1
3426,兰州大学政治与行政学院,1
