,Freq,Author
2,69,高等教育出版社
12,31,教育部高等教育司
18,24,中国科学院
19,22,教育部
23,21,国家教委高教司
41,13,山东工业大学
45,12,中国高等教育学会
55,11,中国工程院
60,10,南京审计学院
69,9,中南工业大学
73,9,北方交通大学
80,8,浙江树人大学教务处
88,8,华中理工大学
89,8,本刊记者
92,8,东北工学院
97,7,南京工业学校
100,7,国防科技大学
118,7,北京航空学院
132,6,全国高等学校教学研究中心
134,6,华东化工学院
138,6,国家教委高等教育司
139,6,大连工学院
166,5,华东冶金学院
174,5,青岛海洋大学
193,5,郑州工学院
195,5,全国高等学校教学研究会
198,5,华南工学院
208,4,鞍山钢铁学院
213,4,教育部高教司
214,4,徐州师范大学
215,4,吉林工学院
216,4,南京工学院
219,4,中国纺织大学
228,4,西南师范大学
237,4,成都科技大学
240,4,吉林工业大学
247,4,温州师范学院
250,4,浙江树人大学
251,4,高等教育出版社机械编辑室
253,4,上海对外贸易学院
259,4,国家教育委员会
260,4,中国计量学院经济与管理学院
261,4,北京钢铁学院
262,4,中国科技大学
266,4,北京农业大学
267,4,湘潭师范学院
268,4,国防科技大学计算机学院
270,4,蚌埠坦克学院
275,4,军械工程学院
279,4,广东商学院
287,4,国家教委
290,3,华北电力学院
295,3,成都气象学院
296,3,南京化工动力专科学校
298,3,江苏化工学院
304,3,内江师专
306,3,陕西机械学院
307,3,山东矿业学院
310,3,教育部高等教育教学评估中心
313,3,国家教育委员会高等教育司
318,3,临沂师范学院
324,3,浙江海洋学院教务处
325,3,华北水电学院
327,3,浙江工学院
332,3,南京邮电学院
333,3,西安空军工程学院
334,3,哈佛大学
336,3,四川机械工业学校
344,3,漳州师范学院外语系
357,3,安庆师范学院教务处
359,3,江汉石油学院
360,3,国防科学技术大学
364,3,南京建筑工程学院
375,3,南京航空学院
377,3,杭州大学
379,3,武汉化工学院
388,3,湛江师范学院
390,3,淮北煤炭师范学院教务处
393,3,马鞍山钢铁学院
398,3,高等教育出版社教育技术编辑室
410,3,南昌航空工业学院
413,3,中国船舶工业总公司教材编审室
414,3,四川师范学院
426,3,四川省机械工业学校
430,3,中南矿冶学院
440,3,北京市教育委员会
442,3,北京师范学院
445,3,教育部!副部长
446,3,南京气象学院
450,3,四川工业学院
461,3,海南师范学院
469,2,成都大学
471,2,华中理工大学外语系
476,2,景德镇教育学院
487,2,株洲铁路机械学校
489,2,湛江师范学院教育科学学院
492,2,淮阴师范专科学校物理系
493,2,航空航天部教材编审室
503,2,佳木斯工学院
504,2,沈阳电力专科学校电子教研室
505,2,浙江财经学院
513,2,教育部高等教育司理工处
514,2,四川达县师专物理系
519,2,剑桥大学
523,2,江苏省教育厅
528,2,赣南师范学院教务处
531,2,唐山工程技术学院
536,2,石家庄铁道学院
537,2,空军勤务学院
555,2,西安石油学院
556,2,第四军医大学
558,2,武汉科技学院人文社科学院
561,2,教育部高等教育司理工科教育处
575,2,安庆师范学院
576,2,沈阳冶金机械专科学校
577,2,华北航天工业学院
582,2,中国纺织大学机械原理与机械设计教研室
584,2,教育部师范教育司
587,2,北京医科大学
594,2,株洲铁路电机学校
596,2,高等教育出版社政史室
604,2,四川绵阳师专
609,2,福建师大
610,2,天津职业大学
619,2,长沙交通学院
631,2,烟台师范学院
632,2,[美]
635,2,湖南省煤炭工业学校
641,2,镇江师范专科学校
646,2,太原工业大学
647,2,福建广播电视大学
654,2,北京信息工程学院
656,2,福建三明师专
662,2,武汉钢铁学院
666,2,湖南省纺织工业学校
667,2,湖南邵阳师专
668,2,重庆邮电学院
669,2,长沙大学
672,2,华东石油大学
683,2,浙江省教育厅
684,2,吉林职业师范学院
685,2,华东石油学院
688,2,山东滨州师专
689,2,上海应用技术学院教务处
696,2,商丘师专
702,2,上饶师范专科学校
716,2,高等教育出版社文科部
725,2,武汉水运工程学院
726,2,沈阳航空工业学院
728,2,澳门理工学院
729,2,南京气象学院大气物理系
737,2,香港中文大学
738,2,大连海运学院
740,2,上海应用技术学院
741,2,北京广播学院
742,2,山东工业大学教务处
743,2,长春师范学院物理系
750,2,北京农业大学教务处
756,2,孝感学院教务处
759,2,石油大学
762,2,国防科学技术大学理学院数学与系统科学系
763,2,北京经济学院
764,2,鞍山钢铁学院理论力学教研室
772,2,杭州电子工业学院
773,2,上海冶金专科学校
774,2,教育部!部长
777,2,高等教育出版社化学编辑室
784,2,广东商学院法学院
786,2,江苏省教委高教处
794,2,哈尔滨船舶工程学院
801,2,南京农业专科学校
803,2,哈尔滨师专
814,2,华中师大
823,2,人民教育出版社
828,2,武钢职大
829,2,徐州师范大学数学科学学院
835,2,中国计量学院法学院
838,2,教育部高教司财经政法处
839,2,上海纺织高等专科学校
845,2,高等教育出版社政史编辑室
846,2,南通师范学院
847,2,四川联合大学
850,2,石油大学（华东）
851,2,长沙铁道学院
857,2,高等教育出版社力学室
859,2,北京化工学院应用化学系
860,2,沈阳电力专科学校
862,2,香港科技大学
865,2,华中工学院
866,2,鹭江大学
867,2,西安邮电学院
882,2,教育部高等教育司!司长
884,2,怀化师专
885,2,哈尔滨建筑工程学院
889,2,抚顺煤炭工业学校
901,2,湖南城市建设专科学校
917,2,南京建工学院
920,2,东北电力学院外语部
923,2,美
928,2,上海海运学院
929,2,财政部教育司
930,2,教育部高等学校大学计算机课程教学指导委员会
932,2,陕西汉中师院
934,2,石家庄军械工程学院
936,2,江苏盐城教育学院
939,1,湘潭师范学院物理系
943,1,浙江海洋学院发展规划处
947,1,吉林市联合大学教务处
953,1,南平师范高等专科学校
955,1,锦州师范专科学校
956,1,东北水电专科学校电子教研室
957,1,江西景德镇教育学院
961,1,辽阳石油化工高等专科学校
964,1,西南师范学院
970,1,安徽淮北煤炭师范学院大学外语部
976,1,澳门科技大学
980,1,辽宁医学院体育部
981,1,河北教育学院
987,1,央财经大学
989,1,大理师专
994,1,西藏民族学院
995,1,教育部发展规划司
998,1,郑州机械专科学校
1007,1,上海金融学院会计学院
1008,1,漳州师范学院物理与电子信息工程系
1009,1,高等学校工科数学课程教学指导委员会
1017,1,全国高等教育教材建设研究会筹备组
1018,1,扬州工学院
1020,1,西南民族学院
1022,1,山西矿业学院
1027,1,教育部社政司
1032,1,安庆师院
1036,1,大连医学院
1041,1,江西大学教材科
1042,1,澳门科技大学基础部
1043,1,孝感学院院长办公室
1057,1,新疆兵团教育学院
1061,1,国防科技大学计算机系
1062,1,甘肃省酒泉工业学校工民建教研室
1071,1,浙江海洋学院教务处教务科
1073,1,实验教学指导委员会
1077,1,安康师专
1079,1,高等教育出版社文科出版事业部
1080,1,北京动力经济学院信息工程系
1085,1,安徽工程科技学院人文社科系
1088,1,天津化学化工协同创新中心
1089,1,廊坊炮兵导弹学校
1090,1,沈阳工业高等专科学校
1095,1,教育部高等学校文化素质教育指导委员会
1104,1,四川省财政学校专业基础教研室
1107,1,内蒙古财经学院工商管理学院
1110,1,中国计量学院机电工程学院
1113,1,合肥炮兵学院机械系
1114,1,教育部高等学校机械学科教学指导委员会
1118,1,农业部教育司高教处
1123,1,台湾明新科技大学
1125,1,高等教育出版社社长
1127,1,浙江树人大学现代教育技术中心
1133,1,高等教育出版社高等理工出版中心计算机分社
1137,1,天津师范专科学校，政治理论部，马列教研室
1138,1,上海石油化工高等专科学校
1142,1,全国高等工业学校教学信息统计中心
1144,1,航空航天部
1147,1,吉林建筑工程学院
1150,1,锦州工学院
1155,1,武汉水利电力学院
1158,1,抚州师专
1159,1,山东工业大学电子系
1163,1,天津市教育委员会高等教育处
1165,1,四川省教育厅高教处
1170,1,海军工程学院
1172,1,国家教育委员会高等教育司文科教育管理处
1175,1,高等教育出版社!社长、本刊编委会副主任、编审
1179,1,中国科学院研究生院
1180,1,镇江市职业大学
1185,1,武汉水利电力大学
1188,1,阿坝师范专科学校
1192,1,成都无线电机械学校
1193,1,浙江广播电视大学湖州分校
1197,1,南通纺织职业技术学院
1204,1,实验室建设指导委员会
1208,1,武汉地质学院
1211,1,南京利马科技有限公司
1214,1,中国科学院研究生院党委宣传部
1220,1,新疆喀什农业机械化学校
1222,1,福建省税务学校计算机教研室
1224,1,太原市职工钢铁学院教务处
1225,1,国家环保局
1226,1,北京动力经济学院基础部
1230,1,江汉石油学院教务处副处长
1234,1,全国人大
1242,1,国家教委社会科学司
1245,1,中南林学院
1246,1,杭州电子学院
1247,1,四川师范学院生物系
1249,1,高等教育出版社高等理工出版中心
1255,1,大连民族学院计算机基础教研室
1261,1,广东湛江师范学院物理系
1263,1,上海医科大学
1265,1,高等教育出版社理工出版事业部化学分社
1266,1,南京审计学院对外汉语系
1268,1,杭州师范学院３Ｔ课题组
1270,1,长沙水利电力师院
1275,1,高等教育出版社力学编辑室编审
1276,1,湖南省粮校
1288,1,哈尔滨教育学院
1290,1,工程兵工程学院
1291,1,淮阴师范专科学校
1292,1,中国纺织大学无锡分校
1293,1,湖北工学院
1294,1,湖北轻工业学院
1296,1,江苏广播电视大学江文化艺术系
1297,1,江苏工业学院教学质量监控中心
1305,1,教育部高等学校自动化专业教学指导分委员会
1308,1,美国波特兰太平洋大学
1309,1,苏州建工职大
1315,1,天津商学院
1316,1,山东莱阳农学院
1317,1,上海电子技术学校
1320,1,高等教育出版社中文室
1322,1,广东建筑工程专科学校
1330,1,杭州电子工业学院科研处
1339,1,水电部教育司
1342,1,河南财经学院
1343,1,国防科学技术大学计算机学院
1346,1,荆州师专
1348,1,上海金融学院教务处
1349,1,东北水电专科学校
1351,1,天津师大
1353,1,国家教委高等教育司理科处
1356,1,哈尔滨科技大学
1357,1,吉林联合大学教务处
1363,1,商务部条约法律司
1369,1,中南财经大学
1370,1,湖南省邵阳师专
1371,1,河南省洛阳师专化学系
1389,1,西安工程科技学院
1395,1,西安冶金建筑学院
1396,1,高等教育出版社职教部
1399,1,"全国高等学校教学研究中心""爱课程""中心"
1402,1,广东省教育厅高等教育处
1406,1,德
1418,1,高等教育出版社计算机分社
1425,1,上海市鞍山中学
1427,1,成都电讯工程学院
1428,1,北师大历史系
1432,1,上海电机技术高等专科学校
1437,1,葛州坝水电工程学院
1438,1,昆明师范专科学校
1446,1,广东商学院会计学院
1450,1,南昌水电专科学校
1453,1,苏州丝绸工学院
1456,1,中国人民银行
1457,1,全国高等教育教材建设研究会
1459,1,吕梁高等专科学校历史文化系
1461,1,抚顺石油学院
1463,1,西安公路学院理论力学教研室
1465,1,大连铁道学院材料力学教研室
1467,1,昆明市教育局
1468,1,甘肃工业大学
1471,1,南京电力专科学校
1473,1,北京航天航空大学
1474,1,上海第二医科大学
1475,1,西安公路学院
1482,1,西安工业学院
1485,1,上海石油化工专科学校
1490,1,长沙教师进修学院
1495,1,华东地质学院
1496,1,扬州师范学院物理系
1498,1,浙江省高等教育学会
1511,1,湖北省教委高教处
1518,1,江苏射阳县粮食职工学校
1519,1,浙江树人大学人文学院
1520,1,澳门大学科技学院
1523,1,南京审计学院教务处教学管理科
1524,1,南京药学院
1528,1,浙江经济高等专科学校
1531,1,国家教育委员会职业教育司
1536,1,中国计量学院力学教研室
1538,1,临沂师范学院外国语学院
1545,1,集美航海学院
1548,1,河南机电高专党委
1550,1,本刊通讯员
1551,1,台湾东海大学
1552,1,河南机电专科学校
1557,1,漳州师范学院中华语言文化研究所
1558,1,安徽建筑工业学院建工系
1561,1,成都师范专科学校数学系
1567,1,江苏省教委
1569,1,广东商学院信息管理学院
1570,1,温州师范学院教育技术系
1577,1,高等教育出版社力学编辑室
1581,1,哈尔滨船舶工程学院教材科
1582,1,湖北黄冈地区工业学校
1585,1,南昌水专
1586,1,宁波海洋学校通信教研室
1594,1,上海城市建设学院
1598,1,上海对外贸易学院金融管理学院
1601,1,陕西师大
1602,1,四川省教育委员会高教处
1603,1,齐齐哈尔轻工学院化工系
1605,1,国家教委高等教育司医药处
1609,1,陕西工商学院计算中心室
1611,1,杭州工人业大
1615,1,浙江省委教育工委
1618,1,北京国际汉语学院
1622,1,湖南邵阳师范专科学校数学系
1623,1,船舶总公司教材编审室
1627,1,海军兵种指挥学院中校
1631,1,国家教委医药教育处
1632,1,徽州师专
1642,1,河南商业高等专科学校工商管理系
1643,1,四川省宜宾师范专科学校教务处
1645,1,福州师范专科学校
1647,1,黑龙江财政专科学校
1651,1,北京市教委高教处
1652,1,北京动力经济学院
1654,1,教育部考试中心
1657,1,山东教育学院计算机科学与技术系
1658,1,教育部高等教育司高职与高专教育处
1663,1,重庆石油学校
1668,1,海军工程大学教务处
1669,1,全国高等职业技术教育研究会
1672,1,山东经济学院教务处教学研究科
1674,1,浙江第二人民警察学校
1680,1,重庆建工学院
1681,1,中国科学院数学与系统科学研究院!院长、院士
1682,1,湖州师专
1685,1,浙江广播电视大学
1690,1,杭州教育学院物理系
1691,1,北京轻工业学院
1693,1,教育部高等学校经济学类专业教学指导委员会
1694,1,国防科技大学电子科学与工程学院
1700,1,华中理工大学出版社理科编辑室主任
1702,1,郑州工学院化工系
1708,1,驻马店师专
1713,1,张家口师专
1715,1,中国科学院地学部
1722,1,上海电视大学
1723,1,全国人大常委会
1725,1,湘潭机电高等专科学校
1726,1,山东旷业学院
1733,1,国家教委师范教育司教材处
1734,1,克山师专
1740,1,陕西工学院
1742,1,教育部高教司!司长
1749,1,中共福建省委教育工委
1750,1,解放军重庆通信学院
1751,1,阜新市师范学校
1752,1,淮南矿业学院建筑工程系
1754,1,江苏泰州市职工大学
1761,1,北大
1763,1,广播电视部教材编审委员会中专教材组
1766,1,郑州牧业工程高等专科学校
1770,1,兰洲大学
1782,1,高等教育出版社电工编辑室
1784,1,教育部高等学校软件工程专业教学指导委员会
1786,1,高等教育出版社理科部
1789,1,航空航天部教编室
1790,1,广东商学院经贸学院国际商务系
1791,1,求是杂志社
1792,1,陕西省安康师专物理系
1794,1,江西宜春师专
1800,1,中国航空工业总公司教材编审室
1803,1,湖南益阳师专
1804,1,西安邮电学院管理系
1805,1,武汉水运工业学校
1807,1,杭州师范学院
1815,1,株州铁路机械学校
1818,1,长春水电专科学校电力基础教研室
1821,1,湘谭大学
1824,1,上海师大
1826,1,空军第二航空技术专科学校力学教研室
1830,1,南京铁路运输学校
1840,1,人民卫生出版社
1844,1,福建漳州师范学院外语系
1850,1,东大学外国语学院
1852,1,解放军军械工程学院
1855,1,美国乔治·华盛顿大学
1859,1,江苏淮阴师专化学系
1860,1,空军第二航空专科学校
1862,1,华北电力学院电子教研室
1868,1,常德师专
1873,1,国防科学技术大学机电工程与自动化学院
1876,1,江苏省委教育工委
1877,1,杭州高等专科学校
1888,1,江苏农学院教务处
1892,1,郑州纺织机电专科学校
1894,1,重庆工学院
1905,1,高等教育出版社期刊编辑室
1908,1,国家教委高教司教材建设处
1909,1,零陵学院
1910,1,宁波高等专科学校
1912,1,山西经济管理学院
1915,1,武汉海军工程学院
1921,1,山西省吕梁高等专科学校离石师范分校党委
1923,1,华东化工院
1924,1,太原大学
1926,1,南平师范专科学校
1936,1,曲靖师范专科学校
1940,1,中国科大
1941,1,浙江海洋学院教师教育中心
1943,1,山东工大
1948,1,建设部工程管理专业指导委员会
1952,1,武汉无线电工业学校
1971,1,沈阳师范学院
1972,1,大连陆军学院
1980,1,广东药学院教学研究科
1984,1,锦州医学院
1985,1,山东冶金工业学院
1993,1,浙江宁波高等专科学校
1994,1,南京农专
1997,1,漳州师范学院
2001,1,上海市财经学校
2004,1,西南师范大学数学系
2009,1,教育部教育发展研究中心
2010,1,西北师范学院
2018,1,华南工学院分析化学教研组
2025,1,高等教育出版社党委
2026,1,南京气象学院物理教研室
2028,1,景德镇陶瓷学院
2029,1,培正商学院
2033,1,大连铁道学院
2036,1,广州师范学院
2039,1,湖南财经专科学校
2045,1,北京联大自动化工程学院
2049,1,广东商学院信息学院
2051,1,郑州航空工业管理专科学校
2054,1,陕西理工学院
2058,1,北京教育科学研究院高等教育科学研究所
2063,1,安徽建筑工业学院力学教研室
2066,1,咸阳师专
2067,1,长春师范学院
2081,1,山东财政学院
2089,1,宜昌医专
2095,1,信阳师院
2097,1,上海静安区业余大学
2098,1,邵阳工业专科学校力学教研室
2112,1,邵阳师专
2113,1,淮阴工业专科学校
2114,1,山东滨州师范专科学校
2118,1,北方交通大学教务处
2121,1,黑龙江商学院
2125,1,国家大学生文化素质教育基地
2127,1,一汽职大
2128,1,国家教育委员会高等教育司教材建设处
2129,1,湘潭机电专科学校
2135,1,南京通信工程学院
2140,1,教育部思想政治工作司
2143,1,北方交通大学，北方交通大学电子电路实验中心
2150,1,广东商学院金融学院
2154,1,辽宁师大
2158,1,解放军信息工程大学地理空间信息学院
2162,1,武钢职工大学
2164,1,温州师范学院化学系
2167,1,哈尔滨工业高等专科学校
2168,1,中国科学院!院士
2171,1,漳州师范学院教师教育学院
2172,1,重庆师范学院
2174,1,成都信息工程学院
2189,1,郑州解放军信息工程学院
2198,1,高等教育出版社，中文编辑室
2199,1,德国哥廷根大学法学研究院
2214,1,南京电力高等专科学校
2222,1,美国密苏里大学
2228,1,中国教育学会
2230,1,高等教育出版社，高教理论参考编辑部
2239,1,湖南女子大学
2241,1,中国纪检监察学院
2250,1,中国人民解放军理工大学
2251,1,国家语言文字工作委员会
2254,1,湖南女子大学旅游系
2255,1,晋中职大
2259,1,广东省建筑工专
2264,1,黑龙江绥化师范专科学校
2267,1,河北水利专科学校
2270,1,武汉水电学院
2287,1,香港城市大学法学院
2289,1,上海教育学院
2294,1,中国科学院研究生院人文学院
2298,1,第四军医大学教务处
2299,1,江苏省淮阴粮食学校
2302,1,高等教育出版社化学分社
2304,1,上海市教育评估院
2306,1,中国人民银行郑州培训学院
2307,1,齐齐哈尔师范高等专科学校
2308,1,岳阳师范学院
2309,1,曲阜师大
2312,1,空军工程学院
2328,1,白求恩医科大学
2329,1,北京华文学院
2331,1,宁德师专
2333,1,黑龙江水专
2340,1,华中理工大学固电系
2343,1,青岛海洋大学教务科，青岛海洋大学教务处
2344,1,湖南师大
2346,1,乌鲁木齐铁路教育学院
2347,1,浙江财经学院法学院
2351,1,第四军医大学生物医学工程系计算机教研室
2354,1,武汉科技学院数字化教学资源研究开发中心
2355,1,徐州医学院组织胚胎学教研室
2358,1,浙江宁波六中
2362,1,江西井冈山学院
2366,1,树人大学管理学院
2372,1,中国核工业总公司教育培训部
2375,1,安徽省徽州师范专科学校
2379,1,雷州师专
2383,1,吉林化工学校
2385,1,中国人民解放军理工大学指挥信息系统学院
2390,1,物资部科教司
2392,1,国防科学技术大学计算机学院网络工程教研室
2393,1,机电部教育司
2401,1,徐州建筑职业技术学院学报编辑部
2402,1,兰州商学院
2407,1,武汉水利电力学院工程及计算机图学教研室
2410,1,国家教委理科处
2411,1,山东临沂师专数学系
2412,1,国家教委高等教育司，全国高等教育教材建设研究会
2413,1,哈尔滨大学
2415,1,白城师专
2416,1,对外经贸大学金融学院银行管理系
2418,1,全国高等学校理工农医各科交流讲义中心
2419,1,黑龙江省黑河市卫生学校
2420,1,江西上饶师范专科学校
2427,1,莱阳农学院
2431,1,西北轻工业学院
2439,1,华西医科大学
2440,1,甘肃酒泉工业学校
2445,1,哈佛大学教育学院
2450,1,郴州教师进修学院
2452,1,广东商学院民营经济研究所
2453,1,特约记者
2459,1,南京化工职业技术学院
2461,1,西北师大外语系
2462,1,中国社会科学院
2465,1,中国法学教育研究会
2467,1,四川工业学院理论力学教研室
2468,1,中国社会科学院法学研究所
2470,1,福建宁德师专
2471,1,南京航空学院教材科
2473,1,中国计量学院计算机软件研究所
2477,1,上海公安高等专科学校办公室
2480,1,高等教育出版社计算机编辑室
2481,1,中国人民银行教育司
2487,1,中国计量学院信息工程学院
2490,1,盐城卫生学校
2505,1,广东药学院教务处
2509,1,中央广播电视大学
2519,1,上海医疗器械专科学校
2520,1,中国计量学院
2521,1,辽宁省教育厅
2525,1,徐州师范大学外国语学院
2529,1,浙江海洋学院
2532,1,浙江省教育厅高教处
2533,1,南京审计学院管理学院
2536,1,中国科学院数学研究所
2539,1,湖州师范专科学校
2541,1,北京水利电力经济管理学院
2551,1,内蒙古煤炭工业学校
2553,1,汪淑哲
2561,1,广东商学院学生处就业指导中心
2564,1,西南石油学院
2566,1,解放军理工大学工程兵工程学院
2569,1,安庆师范学院教育学院
2574,1,教育部高等学校化学类专业教学指导委员会
2580,1,河南职业技术师范学院
2581,1,中国人民解放军陆军军官学院数学教研室
2582,1,陕西汉中师院学报编辑部
2583,1,东北师大
2590,1,教材发展研究所
2593,1,景德镇陶瓷学院毕业生就业指导服务中心
2595,1,南京机电学校
2599,1,天津教育学院
2601,1,高等教育出版社电子编辑室
2602,1,高等专科英语课程教材编审组
2607,1,济南师专
2608,1,锦州市教育学院
2618,1,凤凰出版传媒集团江苏电子音像出版社
2623,1,中国特色社会主义经济建设协同创新中心
2632,1,浙江湖州师专
2633,1,上海建材学院
2634,1,大连水产学院
2636,1,石油物探学校
2638,1,安庆师范学院外国语学院
2642,1,江苏省教育厅高等教育处
2645,1,南方冶金学院制图教研室
2646,1,福建电子工业学校
2647,1,湖北荆州师专
2650,1,常州轻工业学校
2654,1,南京森林公安高等专科学校
2660,1,高等教育出版社高等理工中心数学分社
2664,1,国家教委高教司综合处
2665,1,中国地质大学力学教研室
2668,1,中国计量学院计量测试工程学院
2670,1,河南焦作教育学院
2671,1,上海城建学院
2672,1,机械电子工业部教材办公室
2673,1,中国工程院!院士
2677,1,解放军理工大学
2680,1,哈尔滨工人业余大学
2684,1,黑龙江水利专科学校
2691,1,甘肃省广播电视大学
2698,1,中国电视师范学院
2704,1,成都电子机械高等专科学校
2706,1,洛阳农业高等专科学校
2709,1,蚌埠坦克学院机械室
2710,1,哈尔滨船院
2714,1,浙江纺织工业学校
2715,1,桂林医专
2718,1,哈尔滨建筑大学
2720,1,上海对外贸易学院国际经贸学院
2725,1,江苏省教委高校教学处
2726,1,天津冶金机电学校
2731,1,江西教育学院
2734,1,国家教委高教司外语处
2737,1,石家庄师范专科学校
2739,1,华中理工大学汉口分校
2740,1,高等教育出版社数学编辑室
2741,1,长沙铁道学院力学系材料力学教研室
2743,1,浙江省地矿厅
2746,1,北京信息学院ＣＡＩ课题组
2749,1,吉林省白城师专
2750,1,北京建筑工程学院人文社会科学系
2751,1,云南财贸学院
2752,1,湖北省黄岗工业学校教学教研组
2753,1,淮海大学
2758,1,湖南省粮食学校
2759,1,解放军通信工程学院
2762,1,福建省教育学院
2764,1,福州市工人业大
2765,1,晋东南师专
2768,1,国家教委社科司文科处
2770,1,华东工学院教材科
2771,1,中国科学院地理研究所
2772,1,山西省教育厅
2784,1,青岛医学院
2789,1,长沙电力学院
2795,1,广东省教育厅
2796,1,全国理科教学指导委员会
2797,1,国家教育委员会师范教育司
2801,1,河南教育学院文学院
2806,1,贵州财经学院高等教育研究与评估中心
2809,1,河南省教育厅毕业生就业指导中心
2810,1,全国高等学校计算机教育研究会
2811,1,财政部
2814,1,安徽工学院
2817,1,河套大学汉语言文学系
2818,1,南方村镇建设学校
2821,1,北京市朝阳区职工大学
2822,1,江西萍乡教育学院
2829,1,镇江船舶学院
2832,1,教育部高等学校化工类专业教学指导委员会
2833,1,教育部社会科学研究与思想政治工作司
2836,1,成都信息工程学院计算机学院
2840,1,长沙大学计算机科学与技术系
2843,1,马里兰大学
2848,1,高等学校化学教育研究中心
2855,1,广东工学院
2857,1,福建机电学校
2863,1,湖南省机械工业学校力学教研室
2868,1,中国驻澳大利亚大使馆教育组
2870,1,洛阳工业高等专科学校
2876,1,北京农业机械化学院
2881,1,高等教育出版社高等理工出版中心电子电气分社
2882,1,浙江树人大学城建学院
2889,1,[英]
2891,1,陕西机械学院半导体物理与器件室
2900,1,四川建筑材料工业学院
2901,1,南京航务工程专科学校
2906,1,湖南省第一师范专科学校
2912,1,长沙电力学校
2913,1,内蒙古工学院
2916,1,佛山大学
2918,1,江西省万年师范学校
2919,1,安徽财贸学院
2924,1,北京计算机学院
2925,1,佛山市农业机械学校
2926,1,西北纺织学院
2930,1,南京审计学院国际审计学院
2934,1,黑龙江省教育学院
2935,1,九江医学专科学校
2936,1,海淀走读大学副校长
2950,1,西北师院
2956,1,教育部高校服装设计与工程专业教学指导委员会
2957,1,淮北煤炭师范学院教务处质量管理科
2960,1,陕西省榆林高等专科学校教研室
2970,1,扬州工业专科学校
2977,1,中国计量学院教务处
2981,1,江苏省审计信息工程重点建设实验室（南京审计学院）
2985,1,盐城工业专科学校物理教研室
2990,1,吉林工业大学外语部
2991,1,焦作工学院
2992,1,高等教育出版社技术编辑室
2995,1,高等教育出版社技术教育编辑室
3008,1,武汉工学院黄石分院
3011,1,上海科技高等专科学校校长
3012,1,教育部高等学校交通运输类专业教学指导委员会
3015,1,高等教育出版社机械室
3017,1,石家庄铁道学院教材科
3018,1,贵阳医学院
3019,1,南京机械高等专科学校
3027,1,张掖师专
3028,1,广东医药学院数学教研室
3029,1,江西师大
3030,1,湖南省邵阳工业专科学校力学教研室
3039,1,中国驻纽约总领馆教育组
3042,1,韶关大学
3043,1,青岛纺校
3044,1,大学化学课程教学指导委员会
3045,1,巢湖高等师范专科学校
3046,1,山东教育学院
3048,1,广东省湛江市雷州师专物理系
3053,1,东北工学院高教科研所
3054,1,湖南邵阳师专物理系
3055,1,中国科学院，华中理工大学
3057,1,国家教委会高教一司
3059,1,原长沙铁道学院
3061,1,重庆建筑工程学院
3064,1,湖南机电学校
3065,1,淮北煤炭师范学院
3066,1,冶金工业部
3069,1,美国南加州大学马歇尔商学院
3078,1,高等学校经济学教学指导委员会秘书处
3079,1,高等教育出版社大学文化研究与发展中心
3082,1,杭州大学物理系
3085,1,中国金融学院
3088,1,天津广播电视大学
3089,1,大连轻工业学院
3090,1,海军电子工程学院
3094,1,襄樊职业技术学院信息技术系
3095,1,数学类专业教学指导委员会
3098,1,广东商学院教务处
3099,1,江苏省运河航运公司
3100,1,南京政治学院
3105,1,西藏民族学院教育学院
3106,1,太原铁路机械学校
3108,1,环境科学与工程类专业教学指导委员会
3113,1,北京农业工程大学
3115,1,福建省教育厅
3119,1,北京教育科学研究院高教所
3122,1,山西煤炭工业学校
3124,1,长春地质学院电子仪器系
3125,1,沈阳电力高等专科学校
3135,1,广东省商业学校
3140,1,上海电机制造技术专科学校
3150,1,新西兰奥克兰大学教育学院
3151,1,渝西学院
3154,1,中南工业大学数力系
3156,1,美国俄亥俄州瑞欧戈兰大学评估办公室
3160,1,贵州农学院
3166,1,石家庄军械工程学院政教部
3169,1,本溪钢铁职工学院
3171,1,中国法学会
3177,1,成都理工学院
3191,1,北京实用美术职业学校
3193,1,上海纺织工业专科学校
3195,1,空军第二航空技术专科学校
3198,1,国务院学位委员会法学学科评议组
3200,1,甘肃省永昌县第一中学
3206,1,中国地质大学
3209,1,苏联科学院
3211,1,汉中师院
3213,1,北京建筑工程学院理学院
3219,1,武汉市司法干校
3223,1,海军航空工程学院
3228,1,中央广播电视大学艺术教研室
3232,1,合肥联合大学
3235,1,哈尔滨机电专科学校
3237,1,吉林化工学校教材
3251,1,甘肃省委党校文史教研部
3259,1,国家教育发展研究中心高等教育研究室
3262,1,株州铁路电机学校
3269,1,"台湾""中央研究院"""
3270,1,江西中医学院教务处
3271,1,浙江教育学院地理室
3272,1,全国政协!副主席
3275,1,湖南大众传媒学院
3278,1,山西省晋城市教育学院
3279,1,广西右江民族师专
3280,1,北京总工会职大
3282,1,浙江海洋学院东海科学技术学院
3283,1,景德镇高等专科学校
3291,1,高等教育出版社电工编辑室主在
3294,1,成都地质学院
3295,1,陕西渭南师专
3302,1,海淀走读大学
3305,1,漳州师范学院教育科学研究所
3311,1,西南农业大学
3324,1,海军工程大学
3327,1,口腔医学类专业教学指导委员会
3330,1,集美航海学院物理教研室
3334,1,温州医学院外国语学院
3349,1,克山师范专科学校
3351,1,南京审计学院科研处
3353,1,煤炭部教育司
3361,1,安徽商贸职业学院经济贸易系
3364,1,广西南宁民族学院
3365,1,全国高等学校教学研究中心办公室
3366,1,番禺理工学院
3368,1,宜昌市教育学院
3370,1,辽宁省国际信托投资公司计算中心
3383,1,黑龙江农垦师专
3388,1,南京审计学院公共经济学院
3391,1,中南工业大学工程力学教研室
3395,1,机械工业部教材编辑室
3397,1,北京经济学院应用数学教研室
3400,1,湖南吉首民族师范
3407,1,山西吕梁高等专科学校
3409,1,首都经贸大学会计学院
3421,1,上海教育科学研究院
3424,1,广东韩山师专
3426,1,广州市二轻职工大学
3428,1,上海市教育委员会
3430,1,武汉科技学院
3431,1,南京空军气象学院
3437,1,全国人大!副委员长
3438,1,石油大学数学教研室
3452,1,解放军外国语学院英语系
3454,1,高等教育出版社编辑加工部
3457,1,四川外语学院
3461,1,江苏省淮阴商业学校
3463,1,湖北省郧阳地区农业学校校办
3464,1,洛阳建材工业专科学校
3469,1,中国计量学院数学系
3471,1,扬州工学院基础部
3477,1,高等学校经济学类教学指导委员会金融与保险学科组
3484,1,教育部高等学校图书馆学学科教学指导委员会
3486,1,宝鸡大学
3487,1,番禺职业技术学院现代教育计算中心
3495,1,中国艺术研究院
3496,1,美国伍斯特理工学院（WPI）机械系
3504,1,西昌师范专科学校体育系
3506,1,北京师大
3509,1,上海高等机械专科学校机械系
3516,1,黑龙江税务学校
3517,1,福建建筑工程专科学校
3521,1,湖南郴州教师进修学院
3531,1,东北水利水电专科学校电子教研室
